,date,hospital_dedicated,hospital_dedicated_govt,hospital_dedicated_pvt,covid19_beds,covid19_bed_occupancy,icu_hdu_beds,n_safe_homes,safe_home_beds,n_ventilators,total_patients_home_isolation,current_patients_home_isolation,released_patients_home_isolation,current_patients_hospital,current_patients_safe_homes,day,month,year,Index,hosp_per_million,covid_beds_per_million,icu_hdu_beds_per_million
462,05-05-2020,69,15,52,8785,13.04,860,,,271,,,,,,Tuesday,May-20,2020,20200505,14492.75362,113.8303927,1162.790698
461,08-06-2020,69,16,53,8785,22.03,920,,,392,,,,,,Monday,Jun-20,2020,20200608,14492.75362,113.8303927,1086.956522
460,09-06-2020,69,16,53,8785,22.96,920,,,392,,,,,,Tuesday,Jun-20,2020,20200609,14492.75362,113.8303927,1086.956522
459,10-06-2020,69,16,53,8785,23.16,920,,,392,,,,,,Wednesday,Jun-20,2020,20200610,14492.75362,113.8303927,1086.956522
458,11-06-2020,69,16,53,8785,23.92,920,,,392,,,,,,Thursday,Jun-20,2020,20200611,14492.75362,113.8303927,1086.956522
457,12-06-2020,69,16,53,8785,25.09,920,,,392,,,,,,Friday,Jun-20,2020,20200612,14492.75362,113.8303927,1086.956522
456,13-06-2020,69,16,53,8785,24.82,920,,,392,,,,,,Saturday,Jun-20,2020,20200613,14492.75362,113.8303927,1086.956522
455,14-06-2020,69,16,53,8785,24.54,920,,,392,,,,,,Sunday,Jun-20,2020,20200614,14492.75362,113.8303927,1086.956522
454,15-06-2020,69,16,53,8785,25.28,920,,,392,,,,,,Monday,Jun-20,2020,20200615,14492.75362,113.8303927,1086.956522
453,16-06-2020,77,24,53,10105,21.93,948,,,395,,,,,,Tuesday,Jun-20,2020,20200616,12987.01299,98.96091044,1054.852321
452,17-06-2020,77,24,53,10105,22.25,948,,,395,,,,,,Wednesday,Jun-20,2020,20200617,12987.01299,98.96091044,1054.852321
451,18-06-2020,77,24,53,10313,20.25,948,,,395,,,,,,Thursday,Jun-20,2020,20200618,12987.01299,96.96499564,1054.852321
450,19-06-2020,77,24,53,10327,20.45,948,106,6908,395,153826,142869,153826,,241,Friday,Jun-20,2020,20200619,12987.01299,96.83354314,1054.852321
449,20-06-2020,77,24,53,10340,20.84,948,106,6908,395,160726,136582,160726,,231,Saturday,Jun-20,2020,20200620,12987.01299,96.71179884,1054.852321
448,21-06-2020,77,24,53,10340,20.54,948,106,6908,395,160728,137838,160728,,166,Sunday,Jun-20,2020,20200621,12987.01299,96.71179884,1054.852321
447,22-06-2020,77,24,53,10340,20.95,948,106,6908,395,166297,133391,166297,,198,Monday,Jun-20,2020,20200622,12987.01299,96.71179884,1054.852321
446,23-06-2020,77,24,53,10341,20.83,948,106,6908,395,178394,121294,178394,,187,Tuesday,Jun-20,2020,20200623,12987.01299,96.70244657,1054.852321
445,24-06-2020,78,25,53,10418,20.6,948,106,6908,395,190385,110803,190385,,510,Wednesday,Jun-20,2020,20200624,12820.51282,95.98771357,1054.852321
444,25-06-2020,78,25,53,10425,21.03,948,106,6908,395,203937,98751,203937,,495,Thursday,Jun-20,2020,20200625,12820.51282,95.92326139,1054.852321
443,26-06-2020,78,25,53,10458,22.64,948,106,6908,395,214596,90771,214596,,463,Friday,Jun-20,2020,20200626,12820.51282,95.62057755,1054.852321
442,27-06-2020,78,25,53,10472,21.83,948,106,6908,395,223192,84291,223192,,467,Saturday,Jun-20,2020,20200627,12820.51282,95.49274255,1054.852321
441,28-06-2020,78,25,53,10474,22.05,948,106,6908,395,231293,77217,231293,,455,Sunday,Jun-20,2020,20200628,12820.51282,95.47450831,1054.852321
440,29-06-2020,78,25,53,10474,21.91,948,106,6908,395,239192,71466,239192,,421,Monday,Jun-20,2020,20200629,12820.51282,95.47450831,1054.852321
439,30-06-2020,78,25,53,10479,22.44,948,106,6908,395,247613,65990,247613,,397,Tuesday,Jun-20,2020,20200630,12820.51282,95.42895314,1054.852321
438,01-07-2020,78,25,53,10479,23.11,948,106,6908,395,256374,59658,256374,,377,Wednesday,Jul-20,2020,20200701,12820.51282,95.42895314,1054.852321
437,02-07-2020,78,25,53,10489,22.76,948,106,6908,395,263972,53903,263972,,345,Thursday,Jul-20,2020,20200702,12820.51282,95.33797311,1054.852321
436,03-07-2020,79,26,53,10594,23.25,948,106,6908,395,269624,51770,269624,,347,Friday,Jul-20,2020,20200703,12658.22785,94.39305267,1054.852321
435,04-07-2020,79,26,53,10600,23.82,948,106,6908,395,275630,49273,275630,,338,Saturday,Jul-20,2020,20200704,12658.22785,94.33962264,1054.852321
434,05-07-2020,79,26,53,10600,24.36,948,106,6908,395,287230,41349,287230,,317,Sunday,Jul-20,2020,20200705,12658.22785,94.33962264,1054.852321
433,06-07-2020,79,26,53,10607,25.07,948,106,6908,395,294290,41520,294290,,309,Monday,Jul-20,2020,20200706,12658.22785,94.277364,1054.852321
432,07-07-2020,79,26,53,10607,26.56,948,106,6908,395,298810,38614,298810,,311,Tuesday,Jul-20,2020,20200707,12658.22785,94.277364,1054.852321
431,08-07-2020,80,26,54,10657,27.29,948,106,6908,395,304719,36824,304719,,301,Wednesday,Jul-20,2020,20200708,12500,93.835038,1054.852321
430,09-07-2020,80,26,54,10658,27.41,948,106,6908,395,309130,34595,309130,,279,Thursday,Jul-20,2020,20200709,12500,93.82623381,1054.852321
429,10-07-2020,80,26,54,10830,27.02,948,106,6908,395,313719,34254,313719,,257,Friday,Jul-20,2020,20200710,12500,92.33610342,1054.852321
428,11-07-2020,80,26,54,10840,26.85,948,106,6908,395,319607,32460,319607,,239,Saturday,Jul-20,2020,20200711,12500,92.25092251,1054.852321
427,12-07-2020,80,26,54,10862,27.03,948,106,6908,395,325181,30839,325181,,247,Sunday,Jul-20,2020,20200712,12500,92.0640766,1054.852321
426,13-07-2020,80,26,54,10862,28.48,948,106,6908,395,331395,28430,331395,,277,Monday,Jul-20,2020,20200713,12500,92.0640766,1054.852321
425,14-07-2020,80,26,54,10832,31.14,948,106,6908,395,335132,26201,335132,,297,Tuesday,Jul-20,2020,20200714,12500,92.31905465,1054.852321
424,15-07-2020,80,26,54,10939,31.99,948,106,6908,395,338291,24303,338291,,341,Wednesday,Jul-20,2020,20200715,12500,91.41603437,1054.852321
423,16-07-2020,80,26,54,10992,32.85,948,106,6908,395,341139,25380,341139,,349,Thursday,Jul-20,2020,20200716,12500,90.97525473,1054.852321
422,17-07-2020,81,27,54,11027,34.79,948,106,6908,395,342140,27410,342140,,497,Friday,Jul-20,2020,20200717,12345.67901,90.68649678,1054.852321
421,18-07-2020,81,27,54,11227,34.17,948,106,6908,395,343502,29603,343502,,558,Saturday,Jul-20,2020,20200718,12345.67901,89.07098958,1054.852321
420,19-07-2020,81,27,54,11179,36.76,948,106,6908,395,345621,31320,345621,,608,Sunday,Jul-20,2020,20200719,12345.67901,89.45343948,1054.852321
419,20-07-2020,81,27,54,11239,37.09,948,106,6908,395,347720,31329,347720,,689,Monday,Jul-20,2020,20200720,12345.67901,88.97588753,1054.852321
418,21-07-2020,81,27,54,11239,37.82,948,106,6908,395,350130,32304,350130,,778,Tuesday,Jul-20,2020,20200721,12345.67901,88.97588753,1054.852321
417,22-07-2020,81,27,54,11239,39.55,948,106,6908,395,354139,31320,354139,,838,Wednesday,Jul-20,2020,20200722,12345.67901,88.97588753,1054.852321
416,23-07-2020,81,27,54,11239,40.05,948,106,6908,395,356140,32140,356140,,878,Thursday,Jul-20,2020,20200723,12345.67901,88.97588753,1054.852321
415,24-07-2020,81,27,54,11239,40.86,948,106,6908,395,359140,31219,359140,,1078,Friday,Jul-20,2020,20200724,12345.67901,88.97588753,1054.852321
414,25-07-2020,81,27,54,11239,40.71,948,106,6908,395,362140,33184,362140,,1313,Saturday,Jul-20,2020,20200725,12345.67901,88.97588753,1054.852321
413,26-07-2020,81,27,54,11239,42.32,948,106,6908,395,363721,34291,363721,,1413,Sunday,Jul-20,2020,20200726,12345.67901,88.97588753,1054.852321
412,27-07-2020,83,28,55,11299,42.04,948,106,6908,395,365391,34912,365391,,1403,Monday,Jul-20,2020,20200727,12048.19277,88.50340738,1054.852321
411,28-07-2020,83,28,55,11299,41.83,948,106,6908,395,368203,33628,368203,,1474,Tuesday,Jul-20,2020,20200728,12048.19277,88.50340738,1054.852321
410,29-07-2020,83,28,55,11299,40.11,948,106,6908,395,371291,32280,371291,,1422,Wednesday,Jul-20,2020,20200729,12048.19277,88.50340738,1054.852321
409,30-07-2020,83,28,55,11299,40.15,948,106,6908,395,374945,31424,374945,,1474,Thursday,Jul-20,2020,20200730,12048.19277,88.50340738,1054.852321
408,01-08-2020,83,28,55,11299,39.05,948,106,6908,395,379181,31229,379181,,1610,Saturday,Aug-20,2020,20200801,12048.19277,88.50340738,1054.852321
407,02-08-2020,83,28,55,11552,37.88,948,106,6908,395,383458,33479,383458,,1565,Sunday,Aug-20,2020,20200802,12048.19277,86.56509695,1054.852321
406,03-08-2020,83,28,55,11560,39.18,948,106,6908,395,385489,32490,385489,,1711,Monday,Aug-20,2020,20200803,12048.19277,86.50519031,1054.852321
405,06-08-2020,83,28,55,11560,39.79,948,106,6908,395,391392,29340,391392,,1702,Thursday,Aug-20,2020,20200806,12048.19277,86.50519031,1054.852321
404,09-08-2020,83,28,55,11560,39.08,948,106,6908,395,397139,27204,397139,,1558,Sunday,Aug-20,2020,20200809,12048.19277,86.50519031,1054.852321
403,11-08-2020,83,28,55,11775,37.1,948,109,7126,715,401289,27927,401289,,1608,Tuesday,Aug-20,2020,20200811,12048.19277,84.92569002,1054.852321
402,12-08-2020,84,29,55,11775,36.57,948,109,7126,715,402173,28838,402173,,1735,Wednesday,Aug-20,2020,20200812,11904.7619,84.92569002,1054.852321
401,13-08-2020,84,29,55,11775,35.8,948,200,11507,715,404788,32987,404788,,1832,Thursday,Aug-20,2020,20200813,11904.7619,84.92569002,1054.852321
400,15-08-2020,84,29,55,11775,36.31,1243,200,11507,790,409384,38715,409384,,1857,Saturday,Aug-20,2020,20200815,11904.7619,84.92569002,804.5052293
399,16-08-2020,84,29,55,11775,36.15,1243,200,11507,790,412385,39731,412385,,1888,Sunday,Aug-20,2020,20200816,11904.7619,84.92569002,804.5052293
398,17-08-2020,84,29,55,11775,36.87,1243,200,11507,790,415294,41937,415294,,1963,Monday,Aug-20,2020,20200817,11904.7619,84.92569002,804.5052293
397,18-08-2020,84,29,55,11775,36.82,1243,200,11507,790,418439,43927,418439,,1953,Tuesday,Aug-20,2020,20200818,11904.7619,84.92569002,804.5052293
396,19-08-2020,85,30,55,11825,38.24,1243,200,11507,790,421739,44591,421739,,1952,Wednesday,Aug-20,2020,20200819,11764.70588,84.56659619,804.5052293
395,20-08-2020,86,31,55,11935,36.24,1243,200,11507,790,424390,45184,424390,,1919,Thursday,Aug-20,2020,20200820,11627.90698,83.78718056,804.5052293
394,21-08-2020,86,31,55,11935,35.84,1243,200,11507,790,428628,46037,428628,,1993,Friday,Aug-20,2020,20200821,11627.90698,83.78718056,804.5052293
393,22-08-2020,87,32,55,12035,36.71,1243,200,11507,790,432017,47305,432017,,1962,Saturday,Aug-20,2020,20200822,11494.25287,83.09098463,804.5052293
392,23-08-2020,87,32,55,12035,36.51,1243,200,11507,790,436185,48140,436185,,1989,Sunday,Aug-20,2020,20200823,11494.25287,83.09098463,804.5052293
391,24-08-2020,87,32,55,12035,35.57,1243,200,11507,790,440938,47814,440938,,1879,Monday,Aug-20,2020,20200824,11494.25287,83.09098463,804.5052293
390,25-08-2020,87,32,55,12045,35.17,1243,200,11507,790,444152,48038,444152,,1776,Tuesday,Aug-20,2020,20200825,11494.25287,83.02200083,804.5052293
389,26-08-2020,87,32,55,12045,35,1243,200,11507,790,448028,49183,448028,,1756,Wednesday,Aug-20,2020,20200826,11494.25287,83.02200083,804.5052293
388,27-08-2020,87,32,55,12045,34.69,1243,200,11507,790,451773,50259,451773,,1697,Thursday,Aug-20,2020,20200827,11494.25287,83.02200083,804.5052293
387,28-08-2020,87,32,55,12045,33.55,1243,200,11507,790,455294,52937,455294,,1760,Friday,Aug-20,2020,20200828,11494.25287,83.02200083,804.5052293
386,29-08-2020,87,32,55,12045,33.28,1243,200,11507,790,459294,51597,459294,,1744,Saturday,Aug-20,2020,20200829,11494.25287,83.02200083,804.5052293
385,30-08-2020,87,32,55,12045,32.69,1243,200,11507,790,463901,52692,463901,,1713,Sunday,Aug-20,2020,20200830,11494.25287,83.02200083,804.5052293
384,31-08-2020,87,32,55,12045,32.14,1243,200,11507,790,467017,54318,467017,,1779,Monday,Aug-20,2020,20200831,11494.25287,83.02200083,804.5052293
383,01-09-2020,87,32,55,12045,33.08,1243,200,11507,790,471365,55738,471365,,1760,Tuesday,Sep-20,2020,20200901,11494.25287,83.02200083,804.5052293
382,02-09-2020,87,32,55,12045,32.75,1243,200,11507,790,476813,56307,476813,,1747,Wednesday,Sep-20,2020,20200902,11494.25287,83.02200083,804.5052293
381,03-09-2020,90,35,55,12275,32.36,1243,200,11507,790,481283,58039,481283,,1720,Thursday,Sep-20,2020,20200903,11111.11111,81.46639511,804.5052293
380,04-09-2020,90,35,55,12275,32.47,1243,200,11507,790,486937,60142,486937,,1739,Friday,Sep-20,2020,20200904,11111.11111,81.46639511,804.5052293
379,05-09-2020,91,36,55,12355,33.94,1243,200,11507,790,491374,61955,491374,,1613,Saturday,Sep-20,2020,20200905,10989.01099,80.93889114,804.5052293
378,06-09-2020,91,36,55,12355,33.99,1243,200,11507,790,496284,62037,496284,,1622,Sunday,Sep-20,2020,20200906,10989.01099,80.93889114,804.5052293
377,07-09-2020,91,36,55,12355,33.65,1243,200,11507,790,501382,63845,501382,,1777,Monday,Sep-20,2020,20200907,10989.01099,80.93889114,804.5052293
376,08-09-2020,92,37,55,12385,33.67,1243,200,11507,790,506526,64921,506526,,1766,Tuesday,Sep-20,2020,20200908,10869.56522,80.74283407,804.5052293
375,09-09-2020,92,37,55,12385,32.93,1243,200,11507,790,511392,65701,511392,,1810,Wednesday,Sep-20,2020,20200909,10869.56522,80.74283407,804.5052293
374,11-09-2020,92,37,55,12505,32.48,1243,200,11507,790,521732,66395,521732,,1738,Friday,Sep-20,2020,20200911,10869.56522,79.96801279,804.5052293
373,12-09-2020,92,37,55,12675,32.98,1243,200,11507,790,526937,67852,526937,,1714,Saturday,Sep-20,2020,20200912,10869.56522,78.89546351,804.5052293
372,13-09-2020,92,37,55,12675,32.36,1243,200,11507,790,531258,69637,531258,,1725,Sunday,Sep-20,2020,20200913,10869.56522,78.89546351,804.5052293
371,14-09-2020,92,37,55,12675,32.16,1243,200,11507,790,536613,71270,536613,,1702,Monday,Sep-20,2020,20200914,10869.56522,78.89546351,804.5052293
370,15-09-2020,92,37,55,12675,32.87,1243,200,11507,790,541628,72695,541628,,1697,Tuesday,Sep-20,2020,20200915,10869.56522,78.89546351,804.5052293
369,16-09-2020,92,37,55,12675,33.09,1243,200,11507,790,546735,73951,546735,,1672,Wednesday,Sep-20,2020,20200916,10869.56522,78.89546351,804.5052293
368,17-09-2020,92,37,55,12675,33.39,1243,200,11507,790,551731,74814,551731,,1695,Thursday,Sep-20,2020,20200917,10869.56522,78.89546351,804.5052293
367,18-09-2020,92,37,55,12675,33.58,1243,200,11507,790,557136,73816,557136,,1641,Friday,Sep-20,2020,20200918,10869.56522,78.89546351,804.5052293
366,19-09-2020,92,37,55,12675,33.84,1243,200,11507,790,562921,75201,562921,,1605,Saturday,Sep-20,2020,20200919,10869.56522,78.89546351,804.5052293
365,20-09-2020,92,37,55,12675,33.94,1243,200,11507,790,567203,75861,567203,,1511,Sunday,Sep-20,2020,20200920,10869.56522,78.89546351,804.5052293
364,21-09-2020,92,37,55,12675,33.14,1243,200,11507,790,572813,76409,572813,,1465,Monday,Sep-20,2020,20200921,10869.56522,78.89546351,804.5052293
363,22-09-2020,92,37,55,12675,33.54,1243,200,11507,790,578639,76812,578639,,1422,Tuesday,Sep-20,2020,20200922,10869.56522,78.89546351,804.5052293
362,23-09-2020,92,37,55,12675,33.93,1243,200,11507,790,584195,77102,584195,,1446,Wednesday,Sep-20,2020,20200923,10869.56522,78.89546351,804.5052293
361,24-09-2020,92,37,55,12675,34.79,1243,200,11507,790,590514,77638,590514,,1438,Thursday,Sep-20,2020,20200924,10869.56522,78.89546351,804.5052293
360,25-09-2020,92,37,55,12675,35.46,1243,200,11507,790,596381,77820,596381,,1445,Friday,Sep-20,2020,20200925,10869.56522,78.89546351,804.5052293
359,26-09-2020,92,37,55,12675,35.47,1243,200,11507,790,601927,77340,601927,,1342,Saturday,Sep-20,2020,20200926,10869.56522,78.89546351,804.5052293
358,27-09-2020,92,37,55,12675,36.09,1243,200,11507,790,606728,78103,606728,,1422,Sunday,Sep-20,2020,20200927,10869.56522,78.89546351,804.5052293
357,28-09-2020,92,37,55,12675,35.94,1243,200,11507,790,611937,78870,611937,,1305,Monday,Sep-20,2020,20200928,10869.56522,78.89546351,804.5052293
356,29-09-2020,92,37,55,12675,35.77,1243,200,11507,790,617403,77260,617403,,1462,Tuesday,Sep-20,2020,20200929,10869.56522,78.89546351,804.5052293
355,30-09-2020,92,37,55,12715,35.34,1243,200,11507,790,622936,78417,622936,,1338,Wednesday,Sep-20,2020,20200930,10869.56522,78.64726701,804.5052293
354,01-10-2020,92,37,55,12715,35.45,1243,200,11507,790,628307,79614,628307,,1313,Thursday,Oct-20,2020,20201001,10869.56522,78.64726701,804.5052293
353,02-10-2020,92,37,55,12715,37.02,1243,200,11507,790,634825,79213,634825,,1343,Friday,Oct-20,2020,20201002,10869.56522,78.64726701,804.5052293
352,03-10-2020,92,37,55,12715,37.4,1243,200,11507,790,641364,79609,641364,,1320,Saturday,Oct-20,2020,20201003,10869.56522,78.64726701,804.5052293
351,04-10-2020,92,37,55,12715,37.16,1243,200,11507,790,646827,80471,646827,,1337,Sunday,Oct-20,2020,20201004,10869.56522,78.64726701,804.5052293
350,05-10-2020,92,37,55,12715,37.51,1243,200,11507,790,651827,80281,651827,,1363,Monday,Oct-20,2020,20201005,10869.56522,78.64726701,804.5052293
349,06-10-2020,92,37,55,12715,38,1243,200,11507,790,656728,81261,656728,,1329,Tuesday,Oct-20,2020,20201006,10869.56522,78.64726701,804.5052293
348,07-10-2020,92,37,55,12715,37.61,1243,200,11507,790,662317,80969,662317,,1346,Wednesday,Oct-20,2020,20201007,10869.56522,78.64726701,804.5052293
347,08-10-2020,92,37,55,12715,38.04,1243,200,11507,790,667894,80427,667894,,1408,Thursday,Oct-20,2020,20201008,10869.56522,78.64726701,804.5052293
346,09-10-2020,92,37,55,12715,37.59,1243,200,11507,790,673279,82401,673279,,1376,Friday,Oct-20,2020,20201009,10869.56522,78.64726701,804.5052293
345,10-10-2020,92,37,55,12715,36.85,1243,200,11507,790,679520,84817,679520,,1353,Saturday,Oct-20,2020,20201010,10869.56522,78.64726701,804.5052293
344,11-10-2020,92,37,55,12715,37.4,1243,200,11507,790,685742,86732,685742,,1338,Sunday,Oct-20,2020,20201011,10869.56522,78.64726701,804.5052293
343,12-10-2020,92,37,55,12715,35.82,1243,200,11507,790,690831,88061,690831,,1324,Monday,Oct-20,2020,20201012,10869.56522,78.64726701,804.5052293
342,13-10-2020,92,37,55,12715,37.43,1243,200,11507,790,696831,90385,696831,,1264,Tuesday,Oct-20,2020,20201013,10869.56522,78.64726701,804.5052293
341,14-10-2020,92,37,55,12715,36.52,1243,200,11507,790,703829,90731,703829,,1215,Wednesday,Oct-20,2020,20201014,10869.56522,78.64726701,804.5052293
340,15-10-2020,92,37,55,12715,37.88,1243,200,11507,790,709408,91628,709408,,1183,Thursday,Oct-20,2020,20201015,10869.56522,78.64726701,804.5052293
339,16-10-2020,92,37,55,12715,37.66,1243,200,11507,790,715851,91273,715851,,1252,Friday,Oct-20,2020,20201016,10869.56522,78.64726701,804.5052293
338,17-10-2020,93,38,55,12751,37.82,1243,200,11507,790,721806,92571,721806,,1237,Saturday,Oct-20,2020,20201017,10752.68817,78.42522155,804.5052293
337,18-10-2020,93,38,55,12751,37.32,1243,200,11507,790,727204,92296,727204,,1261,Sunday,Oct-20,2020,20201018,10752.68817,78.42522155,804.5052293
336,19-10-2020,93,38,55,12751,37.49,1243,200,11507,790,733802,93571,733802,,1276,Monday,Oct-20,2020,20201019,10752.68817,78.42522155,804.5052293
335,20-10-2020,93,38,55,12751,37.85,1243,200,11507,790,739061,92835,739061,,1231,Tuesday,Oct-20,2020,20201020,10752.68817,78.42522155,804.5052293
334,21-10-2020,93,38,55,12751,37.31,1243,200,11507,790,745083,93185,745083,,1227,Wednesday,Oct-20,2020,20201021,10752.68817,78.42522155,804.5052293
333,22-10-2020,93,38,55,12751,37.71,1243,200,11507,790,751871,94608,751871,,1219,Thursday,Oct-20,2020,20201022,10752.68817,78.42522155,804.5052293
332,23-10-2020,93,38,55,12751,37.33,1243,200,11507,790,757692,94201,757692,,1163,Friday,Oct-20,2020,20201023,10752.68817,78.42522155,804.5052293
331,24-10-2020,93,38,55,12751,37.93,1243,200,11507,790,763028,94822,763028,,1123,Saturday,Oct-20,2020,20201024,10752.68817,78.42522155,804.5052293
330,25-10-2020,93,38,55,12751,36.3,1809,200,11507,1090,769082,95394,769082,,1073,Sunday,Oct-20,2020,20201025,10752.68817,78.42522155,552.7915976
329,26-10-2020,93,38,55,12751,36.83,1809,200,11507,1090,775803,95927,775803,,1012,Monday,Oct-20,2020,20201026,10752.68817,78.42522155,552.7915976
328,27-10-2020,93,38,55,12751,35.63,1809,200,11507,1090,781083,96563,781083,,1029,Tuesday,Oct-20,2020,20201027,10752.68817,78.42522155,552.7915976
327,28-10-2020,94,39,55,12811,35.57,1809,200,11507,1090,787093,96743,787093,,983,Wednesday,Oct-20,2020,20201028,10638.29787,78.05791898,552.7915976
326,29-10-2020,94,39,55,12811,34.93,1809,200,11507,1090,792809,97613,792809,,957,Thursday,Oct-20,2020,20201029,10638.29787,78.05791898,552.7915976
325,30-10-2020,94,39,55,12811,34.81,1809,200,11507,1090,798805,98173,798805,,968,Friday,Oct-20,2020,20201030,10638.29787,78.05791898,552.7915976
324,31-10-2020,94,39,55,12811,34.79,1809,200,11507,1090,804925,98736,804925,,975,Saturday,Oct-20,2020,20201031,10638.29787,78.05791898,552.7915976
323,01-11-2020,94,39,55,12811,35.09,1809,200,11507,1090,810624,97842,810624,,946,Sunday,Nov-20,2020,20201101,10638.29787,78.05791898,552.7915976
322,02-11-2020,96,41,55,12966,34.84,1809,200,11507,1090,816947,98092,816947,,965,Monday,Nov-20,2020,20201102,10416.66667,77.12478791,552.7915976
321,03-11-2020,96,41,55,12966,32.75,1809,200,11507,1090,822937,98614,822937,,985,Tuesday,Nov-20,2020,20201103,10416.66667,77.12478791,552.7915976
320,04-11-2020,96,41,55,12966,33.04,1809,200,11507,1090,828083,98271,828083,,1032,Wednesday,Nov-20,2020,20201104,10416.66667,77.12478791,552.7915976
319,05-11-2020,96,41,55,12966,35.19,1809,200,11507,1090,833088,97921,833088,,1041,Thursday,Nov-20,2020,20201105,10416.66667,77.12478791,552.7915976
318,06-11-2020,101,41,60,13498,33.71,1809,200,11507,1090,838213,97575,838213,,1060,Friday,Nov-20,2020,20201106,9900.990099,74.08504964,552.7915976
317,07-11-2020,101,44,57,13508,34.42,1809,200,11507,1090,843295,97223,843295,,1443,Saturday,Nov-20,2020,20201107,9900.990099,74.03020432,552.7915976
316,08-11-2020,101,44,57,13508,34.59,1809,200,11507,1090,848418,96864,848418,,1410,Sunday,Nov-20,2020,20201108,9900.990099,74.03020432,552.7915976
315,09-11-2020,101,44,57,13508,34,1809,200,11507,1090,853444,96499,853444,,1332,Monday,Nov-20,2020,20201109,9900.990099,74.03020432,552.7915976
314,10-11-2020,101,44,57,13508,33.61,1809,200,11507,1090,858576,96158,858576,,1310,Tuesday,Nov-20,2020,20201110,9900.990099,74.03020432,552.7915976
313,11-11-2020,101,44,57,13508,33.61,1809,200,11507,1090,863788,95852,863788,,1310,Wednesday,Nov-20,2020,20201111,9900.990099,74.03020432,552.7915976
312,12-11-2020,101,44,57,13508,33.05,1809,200,11507,1090,868953,95528,868953,,1295,Thursday,Nov-20,2020,20201112,9900.990099,74.03020432,552.7915976
311,13-11-2020,101,44,57,13508,32.53,1809,200,11507,1090,874188,95160,874188,,1306,Friday,Nov-20,2020,20201113,9900.990099,74.03020432,552.7915976
310,14-11-2020,101,44,57,13508,31.19,1809,200,11507,1090,879386,94834,879386,,1227,Saturday,Nov-20,2020,20201114,9900.990099,74.03020432,552.7915976
309,15-11-2020,101,44,57,13508,29.97,1809,200,11507,1090,884609,94492,884609,,1187,Sunday,Nov-20,2020,20201115,9900.990099,74.03020432,552.7915976
308,16-11-2020,101,44,57,13508,30.02,1809,200,11507,1090,889924,94136,889924,,1081,Monday,Nov-20,2020,20201116,9900.990099,74.03020432,552.7915976
307,17-11-2020,101,44,57,13508,29.15,1809,200,11507,1090,895213,93767,895213,,1037,Tuesday,Nov-20,2020,20201117,9900.990099,74.03020432,552.7915976
306,18-11-2020,101,44,57,13508,29.09,1809,200,11507,1090,900476,93418,900476,,1039,Wednesday,Nov-20,2020,20201118,9900.990099,74.03020432,552.7915976
305,19-11-2020,101,44,57,13508,28.97,1809,200,11507,1090,905570,93044,905570,,1008,Thursday,Nov-20,2020,20201119,9900.990099,74.03020432,552.7915976
304,20-11-2020,101,44,57,13508,28.48,1809,200,11507,1090,910739,92688,910739,,958,Friday,Nov-20,2020,20201120,9900.990099,74.03020432,552.7915976
303,21-11-2020,101,44,57,13508,29.3,1809,200,11507,1090,915963,92313,915963,,886,Saturday,Nov-20,2020,20201121,9900.990099,74.03020432,552.7915976
302,22-11-2020,101,44,57,13508,28.89,1809,200,11507,1090,921239,91961,921239,,872,Sunday,Nov-20,2020,20201122,9900.990099,74.03020432,552.7915976
301,23-11-2020,101,44,57,13508,29.47,1809,200,11507,1090,926474,91615,926474,,916,Monday,Nov-20,2020,20201123,9900.990099,74.03020432,552.7915976
300,24-11-2020,101,44,57,13508,29.18,1809,200,11507,1090,931788,91254,931788,,903,Tuesday,Nov-20,2020,20201124,9900.990099,74.03020432,552.7915976
299,25-11-2020,101,44,57,13534,28.18,1809,200,11507,1090,937073,90899,937073,,928,Wednesday,Nov-20,2020,20201125,9900.990099,73.88798581,552.7915976
298,26-11-2020,101,44,57,13534,27.98,1809,200,11507,1090,942319,90537,942319,,900,Thursday,Nov-20,2020,20201126,9900.990099,73.88798581,552.7915976
297,27-11-2020,102,45,57,13534,28.15,1809,200,11507,1090,947610,90189,947610,,909,Friday,Nov-20,2020,20201127,9803.921569,73.88798581,552.7915976
296,28-11-2020,102,45,57,13538,28.06,1809,200,11507,1090,952914,89822,952914,,824,Saturday,Nov-20,2020,20201128,9803.921569,73.86615453,552.7915976
295,29-11-2020,102,45,57,13538,28.14,1809,200,11507,1090,958212,89566,958212,,780,Sunday,Nov-20,2020,20201129,9803.921569,73.86615453,552.7915976
294,30-11-2020,102,45,57,13538,27.91,1809,200,11507,1090,963524,89218,963524,,781,Monday,Nov-20,2020,20201130,9803.921569,73.86615453,552.7915976
293,01-12-2020,102,45,57,13538,27.28,2523,200,11507,1279,968829,88857,968829,,738,Tuesday,Dec-20,2020,20201201,9803.921569,73.86615453,396.3535474
292,02-12-2020,102,45,57,13538,26.55,2523,200,11507,1279,974127,88502,974127,,724,Wednesday,Dec-20,2020,20201202,9803.921569,73.86615453,396.3535474
291,03-12-2020,102,45,57,13538,26.05,2523,200,11507,1279,979442,88154,979442,,679,Thursday,Dec-20,2020,20201203,9803.921569,73.86615453,396.3535474
290,04-12-2020,102,45,57,13538,25.58,2523,200,11507,1279,984728,87802,984728,,624,Friday,Dec-20,2020,20201204,9803.921569,73.86615453,396.3535474
289,05-12-2020,102,45,57,13538,25.27,2523,200,11507,1279,990042,87456,990042,,625,Saturday,Dec-20,2020,20201205,9803.921569,73.86615453,396.3535474
288,06-12-2020,102,45,57,13538,24.88,2523,200,11507,1279,995338,87099,995338,,615,Sunday,Dec-20,2020,20201206,9803.921569,73.86615453,396.3535474
287,07-12-2020,102,45,57,13588,24.31,2523,200,11507,1279,1000642,86745,1000642,,567,Monday,Dec-20,2020,20201207,9803.921569,73.59434795,396.3535474
286,08-12-2020,102,45,57,13588,23.72,2523,200,11507,1279,1005954,86395,1005954,,537,Tuesday,Dec-20,2020,20201208,9803.921569,73.59434795,396.3535474
285,09-12-2020,102,45,57,13588,23.51,2523,200,11507,1279,1011252,86033,1011252,,536,Wednesday,Dec-20,2020,20201209,9803.921569,73.59434795,396.3535474
284,10-12-2020,102,45,57,13588,22.88,2523,200,11507,1279,1016563,85677,1016563,,506,Thursday,Dec-20,2020,20201210,9803.921569,73.59434795,396.3535474
283,11-12-2020,102,45,57,13588,22.71,2523,200,11507,1279,1021895,85330,1021895,,486,Friday,Dec-20,2020,20201211,9803.921569,73.59434795,396.3535474
282,12-12-2020,102,45,57,13588,22.22,2523,200,11507,1279,1027203,84970,1027203,,446,Saturday,Dec-20,2020,20201212,9803.921569,73.59434795,396.3535474
281,13-12-2020,102,45,57,13588,21.6,2523,200,11507,1279,1032525,84622,1032525,,415,Sunday,Dec-20,2020,20201213,9803.921569,73.59434795,396.3535474
280,14-12-2020,102,45,57,13588,20.89,2523,200,11507,1279,1037822,84267,1037822,,382,Monday,Dec-20,2020,20201214,9803.921569,73.59434795,396.3535474
279,15-12-2020,102,45,57,13588,20.16,2523,200,11507,1279,1043134,83911,1043134,,374,Tuesday,Dec-20,2020,20201215,9803.921569,73.59434795,396.3535474
278,16-12-2020,102,45,57,13588,19.49,2523,200,11507,1279,1048418,83546,1048418,,355,Wednesday,Dec-20,2020,20201216,9803.921569,73.59434795,396.3535474
277,17-12-2020,102,45,57,13588,18.71,2523,200,11507,1279,1053728,83198,1053728,,319,Thursday,Dec-20,2020,20201217,9803.921569,73.59434795,396.3535474
276,18-12-2020,102,45,57,13588,18.25,2523,200,11507,1279,1059026,82837,1059026,,305,Friday,Dec-20,2020,20201218,9803.921569,73.59434795,396.3535474
275,19-12-2020,102,45,57,13588,17.56,2523,200,11507,1279,1064340,82482,1064340,,286,Saturday,Dec-20,2020,20201219,9803.921569,73.59434795,396.3535474
274,20-12-2020,102,45,57,13588,16.69,2523,200,11507,1279,1069646,82141,1069646,,256,Sunday,Dec-20,2020,20201220,9803.921569,73.59434795,396.3535474
273,21-12-2020,102,45,57,13588,16.32,2523,200,11507,1279,1074958,81791,1074958,,247,Monday,Dec-20,2020,20201221,9803.921569,73.59434795,396.3535474
272,22-12-2020,102,45,57,13588,15.86,2523,200,11507,1279,1080266,81429,1080266,,202,Tuesday,Dec-20,2020,20201222,9803.921569,73.59434795,396.3535474
271,23-12-2020,102,45,57,13588,15.18,2523,200,11507,1279,1085582,81073,1085582,,196,Wednesday,Dec-20,2020,20201223,9803.921569,73.59434795,396.3535474
270,24-12-2020,102,45,57,13588,14.77,2523,200,11507,1279,1090896,80726,1090896,,146,Thursday,Dec-20,2020,20201224,9803.921569,73.59434795,396.3535474
269,25-12-2020,102,45,57,13588,14.32,2523,200,11507,1279,1096195,80370,1096195,,166,Friday,Dec-20,2020,20201225,9803.921569,73.59434795,396.3535474
268,26-12-2020,102,45,57,13588,13.31,2523,200,11507,1279,1101509,80021,1101509,,144,Saturday,Dec-20,2020,20201226,9803.921569,73.59434795,396.3535474
267,27-12-2020,102,45,57,13588,13.05,2523,200,11507,1279,1106807,79663,1106807,,120,Sunday,Dec-20,2020,20201227,9803.921569,73.59434795,396.3535474
266,28-12-2020,102,45,57,13588,12.87,2523,200,11507,1279,1111218,79304,1111218,,115,Monday,Dec-20,2020,20201228,9803.921569,73.59434795,396.3535474
265,29-12-2020,102,45,57,13588,12.17,2523,200,11507,1279,1122725,78606,1122725,,101,Tuesday,Dec-20,2020,20201229,9803.921569,73.59434795,396.3535474
264,30-12-2020,102,45,57,13588,11.92,2523,200,11507,1279,1128024,78259,1128024,,99,Wednesday,Dec-20,2020,20201230,9803.921569,73.59434795,396.3535474
263,31-12-2020,102,45,57,13588,11.52,2523,200,11507,1279,1133336,77904,1133336,,98,Thursday,Dec-20,2020,20201231,9803.921569,73.59434795,396.3535474
262,01-01-2021,102,45,57,13588,10.93,2523,200,11507,1279,1138646,77554,1138646,,97,Friday,Jan-21,2021,20210101,9803.921569,73.59434795,396.3535474
261,02-01-2021,102,45,57,13588,10.72,2523,200,11507,1279,1143970,77199,1143970,,96,Saturday,Jan-21,2021,20210102,9803.921569,73.59434795,396.3535474
260,03-01-2021,102,45,57,13588,10.26,2523,200,11507,1279,1149518,76788,1149518,,87,Sunday,Jan-21,2021,20210103,9803.921569,73.59434795,396.3535474
259,04-01-2021,102,45,57,13588,10.02,2523,200,11507,1279,1155120,76367,1155120,,76,Monday,Jan-21,2021,20210104,9803.921569,73.59434795,396.3535474
258,05-01-2021,102,45,57,13588,9.5,2523,200,11507,1279,1160736,75949,1160736,,76,Tuesday,Jan-21,2021,20210105,9803.921569,73.59434795,396.3535474
257,06-01-2021,102,45,57,13588,9.32,2523,200,11507,1279,1166362,75524,1166362,,79,Wednesday,Jan-21,2021,20210106,9803.921569,73.59434795,396.3535474
256,07-01-2021,102,45,57,13588,9.08,2523,200,11507,1279,1172011,75092,1172011,,74,Thursday,Jan-21,2021,20210107,9803.921569,73.59434795,396.3535474
255,08-01-2021,102,45,57,13588,9.07,2523,200,11507,1279,1177558,74663,1177558,,64,Friday,Jan-21,2021,20210108,9803.921569,73.59434795,396.3535474
254,09-01-2021,102,45,57,13588,8.82,2523,200,11507,1279,1183198,74233,1183198,,56,Saturday,Jan-21,2021,20210109,9803.921569,73.59434795,396.3535474
253,10-01-2021,102,45,57,13588,8.54,2523,200,11507,1279,1188846,73798,1188846,,65,Sunday,Jan-21,2021,20210110,9803.921569,73.59434795,396.3535474
252,11-01-2021,102,45,57,12840,8.79,2369,200,11507,1279,1194607,73348,1194607,,69,Monday,Jan-21,2021,20210111,9803.921569,77.88161994,422.1190376
251,12-01-2021,102,45,57,12840,8.72,2369,200,11507,1279,1200355,72880,1200355,,58,Tuesday,Jan-21,2021,20210112,9803.921569,77.88161994,422.1190376
250,13-01-2021,102,45,57,12840,8.46,2369,200,11507,1279,1206167,72400,1206167,,60,Wednesday,Jan-21,2021,20210113,9803.921569,77.88161994,422.1190376
249,14-01-2021,102,45,57,12840,8.21,2369,200,11507,1279,1212008,71914,1212008,,54,Thursday,Jan-21,2021,20210114,9803.921569,77.88161994,422.1190376
248,15-01-2021,102,45,57,12840,8.2,2369,200,11507,1279,1217863,71439,1217863,,58,Friday,Jan-21,2021,20210115,9803.921569,77.88161994,422.1190376
247,16-01-2021,102,45,57,12440,7.65,2349,200,11507,1279,1223775,70959,1223775,,53,Saturday,Jan-21,2021,20210116,9803.921569,80.38585209,425.7130694
246,17-01-2021,101,44,57,12440,7.39,2349,200,11507,1279,1229710,70468,1229710,,50,Sunday,Jan-21,2021,20210117,9900.990099,80.38585209,425.7130694
245,18-01-2021,101,44,57,12440,6.99,2319,200,11507,1279,1235697,69956,1235697,,49,Monday,Jan-21,2021,20210118,9900.990099,80.38585209,431.2203536
244,19-01-2021,101,44,57,12440,6.61,2319,200,11507,1279,1241709,69432,1241709,,22,Tuesday,Jan-21,2021,20210119,9900.990099,80.38585209,431.2203536
243,20-01-2021,101,44,57,12440,6.24,2319,200,11507,1279,1247932,68903,1247932,,27,Wednesday,Jan-21,2021,20210120,9900.990099,80.38585209,431.2203536
242,21-01-2021,101,44,57,12440,6.03,2319,200,11507,1279,1254257,68365,1254257,,31,Thursday,Jan-21,2021,20210121,9900.990099,80.38585209,431.2203536
241,22-01-2021,101,44,57,12440,5.8,2319,200,11507,1279,1260744,67818,1260744,,32,Friday,Jan-21,2021,20210122,9900.990099,80.38585209,431.2203536
240,23-01-2021,101,44,57,12440,5.76,2319,200,11507,1279,1267431,67249,1267431,,29,Saturday,Jan-21,2021,20210123,9900.990099,80.38585209,431.2203536
239,24-01-2021,101,44,57,12440,5.59,2319,200,11507,1279,1274220,66662,1274220,,23,Sunday,Jan-21,2021,20210124,9900.990099,80.38585209,431.2203536
238,25-01-2021,73,44,29,10510,6.2,2319,200,11507,1279,1281114,66050,1281114,,27,Monday,Jan-21,2021,20210125,13698.63014,95.14747859,431.2203536
237,26-01-2021,73,44,29,10510,5.81,2319,200,11507,1279,1288059,65391,1288059,,25,Tuesday,Jan-21,2021,20210126,13698.63014,95.14747859,431.2203536
236,27-01-2021,73,44,29,10510,5.56,2319,200,11507,1279,1295064,64702,1295064,,26,Wednesday,Jan-21,2021,20210127,13698.63014,95.14747859,431.2203536
235,28-01-2021,73,44,29,10510,5.43,2319,200,11507,1279,1302322,63990,1302322,,24,Thursday,Jan-21,2021,20210128,13698.63014,95.14747859,431.2203536
234,29-01-2021,69,44,25,8727,6.1,2319,200,11507,1279,1309580,63521,1309580,,21,Friday,Jan-21,2021,20210129,14492.75362,114.5869142,431.2203536
233,30-01-2021,69,44,25,8727,5.83,2319,200,11507,1279,1317267,62752,1317267,,15,Saturday,Jan-21,2021,20210130,14492.75362,114.5869142,431.2203536
232,31-01-2021,69,44,25,8727,5.57,2319,200,11507,1279,1325165,61977,1325165,,12,Sunday,Jan-21,2021,20210131,14492.75362,114.5869142,431.2203536
231,01-02-2021,69,44,25,8727,5.24,2319,200,11507,1279,1333160,61612,1333160,,8,Monday,Feb-21,2021,20210201,14492.75362,114.5869142,431.2203536
230,02-02-2021,69,44,25,8727,4.81,2319,200,11507,1279,1341272,60400,1341272,,5,Tuesday,Feb-21,2021,20210202,14492.75362,114.5869142,431.2203536
229,03-02-2021,69,44,25,8727,4.69,2319,200,11507,1279,1349497,59560,1349497,,7,Wednesday,Feb-21,2021,20210203,14492.75362,114.5869142,431.2203536
228,04-02-2021,69,44,25,8727,4.42,2319,200,11507,1279,1357831,58705,1357831,,7,Thursday,Feb-21,2021,20210204,14492.75362,114.5869142,431.2203536
227,05-02-2021,69,44,25,8727,4.18,2319,200,11507,1279,1366515,57825,1366515,,9,Friday,Feb-21,2021,20210205,14492.75362,114.5869142,431.2203536
226,06-02-2021,65,44,21,8727,4.07,2319,200,11507,1279,1375227,56900,1375227,,7,Saturday,Feb-21,2021,20210206,15384.61538,114.5869142,431.2203536
225,07-02-2021,65,44,21,8727,3.84,2319,200,11507,1279,1384086,55876,1384086,,5,Sunday,Feb-21,2021,20210207,15384.61538,114.5869142,431.2203536
224,08-02-2021,65,44,21,8727,3.56,2319,200,11507,1279,1393151,54731,1393151,,5,Monday,Feb-21,2021,20210208,15384.61538,114.5869142,431.2203536
223,09-02-2021,65,44,21,8727,3.35,2319,200,11507,1279,1404196,53503,1404196,,5,Tuesday,Feb-21,2021,20210209,15384.61538,114.5869142,431.2203536
222,10-02-2021,65,44,21,8727,3.27,2319,200,11507,1279,1416667,52068,1416667,,5,Wednesday,Feb-21,2021,20210210,15384.61538,114.5869142,431.2203536
221,11-02-2021,65,44,21,8727,3.17,2319,200,11507,1279,1430332,50383,1430332,,5,Thursday,Feb-21,2021,20210211,15384.61538,114.5869142,431.2203536
220,12-02-2021,65,44,21,8727,3.16,2319,200,11507,1279,1445217,48585,1445217,,5,Friday,Feb-21,2021,20210212,15384.61538,114.5869142,431.2203536
219,13-02-2021,65,44,21,8727,3.21,2319,200,11507,1279,1461104,46588,1461104,,5,Saturday,Feb-21,2021,20210213,15384.61538,114.5869142,431.2203536
218,14-02-2021,65,44,21,8727,3.13,2319,200,11507,1279,1478546,44530,1478546,,4,Sunday,Feb-21,2021,20210214,15384.61538,114.5869142,431.2203536
217,15-02-2021,65,44,21,8727,3.05,2319,200,11507,1279,1497042,42385,1497042,,4,Monday,Feb-21,2021,20210215,15384.61538,114.5869142,431.2203536
216,16-02-2021,65,44,21,8727,2.9,2319,200,11507,1279,1517386,40031,1517386,,4,Tuesday,Feb-21,2021,20210216,15384.61538,114.5869142,431.2203536
215,17-02-2021,65,44,21,8727,2.8,2319,200,11507,1279,1538540,37475,1538540,,4,Wednesday,Feb-21,2021,20210217,15384.61538,114.5869142,431.2203536
214,18-02-2021,65,44,21,8727,2.69,2319,200,11507,1279,1561414,34700,1561414,,4,Thursday,Feb-21,2021,20210218,15384.61538,114.5869142,431.2203536
213,19-02-2021,65,44,21,8727,2.76,1759,200,11507,623,1585901,31703,1585901,,2,Friday,Feb-21,2021,20210219,15384.61538,114.5869142,568.5048323
212,20-02-2021,65,44,21,8727,2.6,1759,200,11507,623,1611479,28549,1611479,,2,Saturday,Feb-21,2021,20210220,15384.61538,114.5869142,568.5048323
211,21-02-2021,65,44,21,8727,2.45,1759,200,11507,623,1637591,25399,1637591,,2,Sunday,Feb-21,2021,20210221,15384.61538,114.5869142,568.5048323
210,22-02-2021,65,44,21,8727,2.48,1759,200,11507,623,1664706,22299,1664706,,2,Monday,Feb-21,2021,20210222,15384.61538,114.5869142,568.5048323
209,23-02-2021,65,44,21,8727,2.36,1759,200,11507,623,1692039,19287,1692039,,2,Tuesday,Feb-21,2021,20210223,15384.61538,114.5869142,568.5048323
208,24-02-2021,60,44,16,6736,3.15,1619,200,11507,623,1719551,17030,1719551,,2,Wednesday,Feb-21,2021,20210224,16666.66667,148.456057,617.6652254
207,25-02-2021,60,44,16,6736,3.16,1619,200,11507,595,1775391,15762,1775391,,2,Thursday,Feb-21,2021,20210225,16666.66667,148.456057,617.6652254
206,26-02-2021,60,44,16,6736,3.31,1619,200,11507,595,1864332,14202,1864332,,0,Friday,Feb-21,2021,20210226,16666.66667,148.456057,617.6652254
205,27-02-2021,60,44,16,6736,3.1,1619,200,11507,595,1945443,12298,1945443,,0,Saturday,Feb-21,2021,20210227,16666.66667,148.456057,617.6652254
204,28-02-2021,60,44,16,6736,3.15,1619,200,11507,595,2135668,11367,2135668,,0,Sunday,Feb-21,2021,20210228,16666.66667,148.456057,617.6652254
203,01-03-2021,60,44,16,6736,3.25,1619,200,11507,595,2334678,10123,2334678,,0,Monday,Mar-21,2021,20210301,16666.66667,148.456057,617.6652254
202,02-03-2021,60,44,16,6736,3.16,1619,200,11507,595,2557678,9876,2557678,,0,Tuesday,Mar-21,2021,20210302,16666.66667,148.456057,617.6652254
201,03-03-2021,58,43,15,6736,3.22,1619,200,11507,595,2557680,9991,2557680,,0,Wednesday,Mar-21,2021,20210303,17241.37931,148.456057,617.6652254
200,04-03-2021,58,43,15,6736,3.25,1619,200,11507,595,2557682,9991,2557682,,0,Thursday,Mar-21,2021,20210304,17241.37931,148.456057,617.6652254
199,05-03-2021,58,43,15,6736,3.27,1619,200,11507,595,2557685,9993,2557685,,0,Friday,Mar-21,2021,20210305,17241.37931,148.456057,617.6652254
198,06-03-2021,58,43,15,6736,3.47,1619,200,11507,595,2557700,9980,2557700,,0,Saturday,Mar-21,2021,20210306,17241.37931,148.456057,617.6652254
197,07-03-2021,58,43,15,6736,3.61,1619,200,11507,595,2557725,9960,2557725,,0,Sunday,Mar-21,2021,20210307,17241.37931,148.456057,617.6652254
196,08-03-2021,58,43,15,6736,3.7,1619,200,11507,595,2557759,9946,2557759,,0,Monday,Mar-21,2021,20210308,17241.37931,148.456057,617.6652254
195,09-03-2021,58,43,15,6736,3.41,1619,200,11507,595,2557789,9926,2557789,,0,Tuesday,Mar-21,2021,20210309,17241.37931,148.456057,617.6652254
194,10-03-2021,58,43,15,6736,3.46,1619,200,11507,595,2557800,9920,2557800,,0,Wednesday,Mar-21,2021,20210310,17241.37931,148.456057,617.6652254
193,11-03-2021,58,43,15,6736,3.34,1619,200,11507,595,2557824,9904,2557824,,0,Thursday,Mar-21,2021,20210311,17241.37931,148.456057,617.6652254
192,12-03-2021,58,43,15,6736,3.27,1619,200,11507,595,2557838,9892,2557838,,0,Friday,Mar-21,2021,20210312,17241.37931,148.456057,617.6652254
191,13-03-2021,58,43,15,6736,3.46,1619,200,11507,595,2557859,9880,2557859,,3,Saturday,Mar-21,2021,20210313,17241.37931,148.456057,617.6652254
190,14-03-2021,58,43,15,6736,3.5,1619,200,11507,595,2557913,9845,2557913,,3,Sunday,Mar-21,2021,20210314,17241.37931,148.456057,617.6652254
189,15-03-2021,45,34,11,5589,4.29,1352,200,11507,529,2557983,9820,2557983,,3,Monday,Mar-21,2021,20210315,22222.22222,178.9228842,739.6449704
188,16-03-2021,45,34,11,5589,4.1,1352,200,11507,520,2558034,9800,2558034,,3,Tuesday,Mar-21,2021,20210316,22222.22222,178.9228842,739.6449704
187,17-03-2021,45,34,11,5589,4.44,1352,200,11507,520,2558119,9752,2558119,,3,Wednesday,Mar-21,2021,20210317,22222.22222,178.9228842,739.6449704
186,18-03-2021,45,34,11,5589,4.6,1352,200,11507,520,2558179,9732,2558179,,3,Thursday,Mar-21,2021,20210318,22222.22222,178.9228842,739.6449704
185,19-03-2021,45,34,11,5589,4.62,1352,200,11507,520,2558228,9709,2558228,,3,Friday,Mar-21,2021,20210319,22222.22222,178.9228842,739.6449704
184,20-03-2021,45,34,11,5589,4.92,1352,200,11507,520,2558284,9680,2558284,,0,Saturday,Mar-21,2021,20210320,22222.22222,178.9228842,739.6449704
183,21-03-2021,46,35,11,5604,4.84,1357,200,11507,525,2558345,9656,2558345,,0,Sunday,Mar-21,2021,20210321,21739.13043,178.4439686,736.9196758
182,22-03-2021,46,35,11,5604,5.21,1357,200,11507,525,2558395,9628,2558395,,0,Monday,Mar-21,2021,20210322,21739.13043,178.4439686,736.9196758
181,23-03-2021,46,35,11,5604,5.64,1357,200,11507,525,2558436,9599,2558436,,0,Tuesday,Mar-21,2021,20210323,21739.13043,178.4439686,736.9196758
180,24-03-2021,46,35,11,5604,6,1357,200,11507,525,2558483,9572,2558483,,0,Wednesday,Mar-21,2021,20210324,21739.13043,178.4439686,736.9196758
179,25-03-2021,46,35,11,5604,6.3,1357,200,11507,525,2558529,9552,2558529,,0,Thursday,Mar-21,2021,20210325,21739.13043,178.4439686,736.9196758
178,26-03-2021,46,35,11,5604,6.85,1357,200,11507,525,2558559,9532,2558559,,0,Friday,Mar-21,2021,20210326,21739.13043,178.4439686,736.9196758
177,27-03-2021,46,35,11,5604,7.23,1357,200,11507,525,2558602,9512,2558602,,0,Saturday,Mar-21,2021,20210327,21739.13043,178.4439686,736.9196758
176,28-03-2021,46,35,11,5604,7.48,1357,200,11507,525,2558639,9490,2558639,,0,Sunday,Mar-21,2021,20210328,21739.13043,178.4439686,736.9196758
175,29-03-2021,46,35,11,5604,7.82,1357,200,11507,525,2558680,9479,2558680,,0,Monday,Mar-21,2021,20210329,21739.13043,178.4439686,736.9196758
174,30-03-2021,46,35,11,5604,7.91,1357,200,11507,525,2558709,9465,2558709,,1,Tuesday,Mar-21,2021,20210330,21739.13043,178.4439686,736.9196758
173,31-03-2021,46,35,11,5604,8.58,1357,200,11507,525,2558748,9455,2558748,,1,Wednesday,Mar-21,2021,20210331,21739.13043,178.4439686,736.9196758
172,01-04-2021,46,35,11,5604,9.96,1357,200,11507,525,2558767,9446,2558767,,1,Thursday,Apr-21,2021,20210401,21739.13043,178.4439686,736.9196758
171,02-04-2021,46,35,11,5604,11.33,1357,200,11507,525,2558770,9453,2558770,,1,Friday,Apr-21,2021,20210402,21739.13043,178.4439686,736.9196758
170,03-04-2021,46,35,11,5604,12.71,1357,200,11507,525,2558772,9460,2558772,,1,Saturday,Apr-21,2021,20210403,21739.13043,178.4439686,736.9196758
169,04-04-2021,46,35,11,5604,15.19,1357,200,11507,525,2558779,9466,2558779,,2,Sunday,Apr-21,2021,20210404,21739.13043,178.4439686,736.9196758
168,05-04-2021,46,35,11,5604,16.74,1357,200,11507,525,2558790,9474,2558790,,3,Monday,Apr-21,2021,20210405,21739.13043,178.4439686,736.9196758
167,06-04-2021,46,35,11,5604,18.95,1357,200,11507,525,2558802,9482,2558802,,2,Tuesday,Apr-21,2021,20210406,21739.13043,178.4439686,736.9196758
166,07-04-2021,46,35,11,5604,22.32,1357,200,11507,525,2558812,9511,2558812,,6,Wednesday,Apr-21,2021,20210407,21739.13043,178.4439686,736.9196758
165,08-04-2021,46,35,11,5604,26.25,1357,200,11507,525,2558824,9536,2558824,,10,Thursday,Apr-21,2021,20210408,21739.13043,178.4439686,736.9196758
164,09-04-2021,46,35,11,5604,30,1357,200,11507,525,2558830,9563,2558830,,17,Friday,Apr-21,2021,20210409,21739.13043,178.4439686,736.9196758
163,10-04-2021,46,35,11,5604,32.92,1357,200,11507,525,2558849,9594,2558849,,19,Saturday,Apr-21,2021,20210410,21739.13043,178.4439686,736.9196758
162,11-04-2021,46,35,11,5604,34.94,1357,200,11507,525,2558862,9631,2558862,,23,Sunday,Apr-21,2021,20210411,21739.13043,178.4439686,736.9196758
161,12-04-2021,56,45,11,7428,28.15,1796,200,11507,525,2558865,9680,2558865,,26,Monday,Apr-21,2021,20210412,17857.14286,134.6257404,556.7928731
160,13-04-2021,56,45,11,7428,31.09,1796,200,11507,525,2558870,9739,2558870,,25,Tuesday,Apr-21,2021,20210413,17857.14286,134.6257404,556.7928731
159,14-04-2021,56,45,11,7428,32.15,1796,200,11507,525,2558876,9786,2558876,,25,Wednesday,Apr-21,2021,20210414,17857.14286,134.6257404,556.7928731
158,15-04-2021,56,45,11,7428,34.29,1796,200,11507,525,2558882,9839,2558882,,46,Thursday,Apr-21,2021,20210415,17857.14286,134.6257404,556.7928731
157,16-04-2021,56,45,11,7428,36.51,1796,200,11507,525,2558889,9894,2558889,,70,Friday,Apr-21,2021,20210416,17857.14286,134.6257404,556.7928731
156,17-04-2021,61,49,12,7676,39.59,1796,200,11507,525,2558900,9952,2558900,,83,Saturday,Apr-21,2021,20210417,16393.44262,130.2761855,556.7928731
155,18-04-2021,61,49,12,7676,42.57,1796,200,11507,525,2558914,9995,2558914,,100,Sunday,Apr-21,2021,20210418,16393.44262,130.2761855,556.7928731
154,19-04-2021,62,50,12,7776,44.74,1838,200,11507,528,2558926,10032,2558926,,155,Monday,Apr-21,2021,20210419,16129.03226,128.600823,544.0696409
153,20-04-2021,62,50,12,7776,48.37,1838,200,11507,528,2558932,10085,2558932,,227,Tuesday,Apr-21,2021,20210420,16129.03226,128.600823,544.0696409
152,21-04-2021,70,55,15,8194,47.18,1838,200,11507,1283,2558940,10139,2558940,,333,Wednesday,Apr-21,2021,20210421,14285.71429,122.0405175,544.0696409
151,22-04-2021,70,55,15,8194,49.73,1838,200,11507,1283,2558953,10185,2558953,,479,Thursday,Apr-21,2021,20210422,14285.71429,122.0405175,544.0696409
150,23-04-2021,70,55,15,9220,46.5,1838,200,11507,1283,2558971,13989,2558971,,764,Friday,Apr-21,2021,20210423,14285.71429,108.4598698,544.0696409
149,24-04-2021,87,70,17,9646,46.9,1838,200,11507,1283,2559065,17796,2559065,,789,Saturday,Apr-21,2021,20210424,11494.25287,103.669915,544.0696409
148,25-04-2021,87,70,17,9646,48.54,1838,200,11507,1283,2559126,21693,2559126,,938,Sunday,Apr-21,2021,20210425,11494.25287,103.669915,544.0696409
147,26-04-2021,140,105,35,12352,39.18,1838,200,11507,1283,2559150,24967,2559150,,972,Monday,Apr-21,2021,20210426,7142.857143,80.95854922,544.0696409
146,27-04-2021,140,105,35,12352,42.94,1838,200,11507,1283,2559208,28002,2559208,,1045,Tuesday,Apr-21,2021,20210427,7142.857143,80.95854922,544.0696409
145,28-04-2021,140,105,35,12352,45.14,1838,200,11507,1283,2559265,31146,2559265,,1118,Wednesday,Apr-21,2021,20210428,7142.857143,80.95854922,544.0696409
144,29-04-2021,140,105,35,12352,46.19,1838,200,11507,1283,2559325,34653,2559325,,1241,Thursday,Apr-21,2021,20210429,7142.857143,80.95854922,544.0696409
143,30-04-2021,140,105,35,13227,45.48,1838,200,11507,1283,2559375,38307,2559375,,1273,Friday,Apr-21,2021,20210430,7142.857143,75.60293339,544.0696409
142,01-05-2021,140,105,35,13227,46.54,1838,200,11507,1283,2559460,42117,2559460,,1397,Saturday,May-21,2021,20210501,7142.857143,75.60293339,544.0696409
141,02-05-2021,175,140,35,15483,40.77,1838,200,11507,1283,2559515,45942,2559515,,1580,Sunday,May-21,2021,20210502,5714.285714,64.58696635,544.0696409
140,03-05-2021,175,140,35,15483,44.11,1838,200,11507,1283,2559579,49716,2559579,,1651,Monday,May-21,2021,20210503,5714.285714,64.58696635,544.0696409
139,04-05-2021,175,140,35,16010,41.2,1838,200,11507,1283,2559695,52218,2559695,,1617,Tuesday,May-21,2021,20210504,5714.285714,62.4609619,544.0696409
138,05-05-2021,176,141,35,16414,41.38,1838,200,11507,1283,2559770,55156,2559770,,1674,Wednesday,May-21,2021,20210505,5681.818182,60.9236018,544.0696409
137,06-05-2021,176,141,35,16939,41.17,1838,200,11507,1283,2559869,58375,2559869,,1806,Thursday,May-21,2021,20210506,5681.818182,59.03536218,544.0696409
136,07-05-2021,176,141,35,17009,42.79,1838,200,11507,1283,2559957,61680,2559957,,1947,Friday,May-21,2021,20210507,5681.818182,58.79240402,544.0696409
135,08-05-2021,182,141,41,17200,42.74,2542,200,11507,1283,2560066,65266,2560066,,2069,Saturday,May-21,2021,20210508,5494.505495,58.13953488,393.3910307
134,09-05-2021,182,141,41,17200,44.68,2542,200,11507,1283,2560203,68046,2560203,,2134,Sunday,May-21,2021,20210509,5494.505495,58.13953488,393.3910307
133,10-05-2021,182,141,41,18602,41.74,2711,200,11507,1298,2560328,70731,2560328,,2347,Monday,May-21,2021,20210510,5494.505495,53.75766047,368.8675765
132,11-05-2021,182,141,41,18629,41.96,2711,200,11507,1298,2560485,73429,2560485,,2329,Tuesday,May-21,2021,20210511,5494.505495,53.67974663,368.8675765
131,12-05-2021,224,183,41,19458,40.68,2711,200,11507,1298,2560627,76033,2560627,,2454,Wednesday,May-21,2021,20210512,4464.285714,51.39274334,368.8675765
130,13-05-2021,224,183,41,20043,40.32,2711,200,11507,1298,2560775,78880,2560775,,2560,Thursday,May-21,2021,20210513,4464.285714,49.89273063,368.8675765
129,14-05-2021,224,183,41,20043,40.47,2711,200,11507,1298,2560932,80184,2560932,,2584,Friday,May-21,2021,20210514,4464.285714,49.89273063,368.8675765
128,15-05-2021,224,183,41,20043,41.08,2711,200,11507,1298,2561161,82171,2561161,,2672,Saturday,May-21,2021,20210515,4464.285714,49.89273063,368.8675765
127,16-05-2021,224,183,41,20093,41.42,2711,200,11507,1298,2561370,84178,2561370,,2613,Sunday,May-21,2021,20210516,4464.285714,49.76857612,368.8675765
126,17-05-2021,224,183,41,20093,41.53,2711,200,11507,1298,2561666,85865,2561666,,2554,Monday,May-21,2021,20210517,4464.285714,49.76857612,368.8675765
125,18-05-2021,224,183,41,20134,41.21,2711,200,11507,1298,2562028,86892,2562028,,2498,Tuesday,May-21,2021,20210518,4464.285714,49.66722956,368.8675765
124,19-05-2021,224,183,41,20394,40.34,2711,200,11507,1298,2562373,87908,2562373,,2583,Wednesday,May-21,2021,20210519,4464.285714,49.03402962,368.8675765
123,20-05-2021,224,183,41,21281,38.49,2711,200,11507,1298,2562800,88915,2562800,,2590,Thursday,May-21,2021,20210520,4464.285714,46.99027301,368.8675765
122,21-05-2021,228,187,41,21696,37.66,2711,200,11507,1298,2563264,89924,2563264,,2669,Friday,May-21,2021,20210521,4385.964912,46.09144543,368.8675765
121,22-05-2021,228,187,41,21936,37.58,2711,200,11507,1298,2563808,90928,2563808,,2535,Saturday,May-21,2021,20210522,4385.964912,45.58716265,368.8675765
120,23-05-2021,228,187,41,21936,37.81,2711,200,11507,1298,2564334,91932,2564334,,2591,Sunday,May-21,2021,20210523,4385.964912,45.58716265,368.8675765
119,24-05-2021,228,187,41,22253,37.15,2711,200,11507,1298,2564688,93104,2564688,,2683,Monday,May-21,2021,20210524,4385.964912,44.9377612,368.8675765
118,25-05-2021,228,187,41,22303,36.23,2711,200,11507,1298,2565242,94108,2565242,,2641,Tuesday,May-21,2021,20210525,4385.964912,44.83701744,368.8675765
117,26-05-2021,232,191,41,22962,34.1,2711,200,11507,1298,2565996,94988,2565996,,2625,Wednesday,May-21,2021,20210526,4310.344828,43.5502134,368.8675765
116,27-05-2021,232,191,41,22962,34.62,3384,200,11507,1298,2566882,95590,2566882,,2632,Thursday,May-21,2021,20210527,4310.344828,43.5502134,295.5082742
115,28-05-2021,232,191,41,22962,32.86,3384,200,11507,1298,2568557,96012,2568557,,2479,Friday,May-21,2021,20210528,4310.344828,43.5502134,295.5082742
114,29-05-2021,232,191,41,23737,30.99,3384,200,11507,1298,2570068,96354,2570068,,2373,Saturday,May-21,2021,20210529,4310.344828,42.12832287,295.5082742
113,30-05-2021,232,191,41,23737,30.3,3384,200,11507,1298,2571559,96662,2571559,,2272,Sunday,May-21,2021,20210530,4310.344828,42.12832287,295.5082742
112,31-05-2021,232,191,41,23737,29.29,3384,200,11507,1298,2573154,96949,2573154,,2158,Monday,May-21,2021,20210531,4310.344828,42.12832287,295.5082742
111,01-06-2021,234,193,41,24695,27.01,3522,200,11507,1298,2574898,97200,2574898,,2042,Tuesday,Jun-21,2021,20210601,4273.504274,40.49402713,283.9295855
110,02-06-2021,234,193,41,24695,26.44,3522,200,11507,1298,2576885,97401,2576885,,2205,Wednesday,Jun-21,2021,20210602,4273.504274,40.49402713,283.9295855
109,03-06-2021,234,193,41,24695,25.71,3522,200,11507,1298,2578932,97605,2578932,,2190,Thursday,Jun-21,2021,20210603,4273.504274,40.49402713,283.9295855
108,04-06-2021,234,193,41,24695,24.95,3522,200,11507,1298,2581060,97805,2581060,,2201,Friday,Jun-21,2021,20210604,4273.504274,40.49402713,283.9295855
107,05-06-2021,235,194,41,24721,23.88,3533,200,11507,1298,2583568,97985,2583568,,2221,Saturday,Jun-21,2021,20210605,4255.319149,40.45143805,283.0455703
106,06-06-2021,235,194,41,24721,23.28,3533,200,11507,1298,2586366,98155,2586366,,2209,Sunday,Jun-21,2021,20210606,4255.319149,40.45143805,283.0455703
105,07-06-2021,235,194,41,24721,22.55,3533,200,11507,1298,2589663,98320,2589663,,2176,Monday,Jun-21,2021,20210607,4255.319149,40.45143805,283.0455703
104,08-06-2021,235,194,41,24721,21.49,3533,200,11507,1298,2593647,98462,2593647,,2046,Tuesday,Jun-21,2021,20210608,4255.319149,40.45143805,283.0455703
103,09-06-2021,235,194,41,24721,20.24,3566,200,11507,1298,2597870,98592,2597870,,1903,Wednesday,Jun-21,2021,20210609,4255.319149,40.45143805,280.4262479
102,10-06-2021,235,194,41,24721,19.33,3566,200,11507,1298,,6267,,,1651,Thursday,Jun-21,2021,20210610,4255.319149,40.45143805,280.4262479
101,11-06-2021,235,194,41,24721,18.35,3566,200,11507,1298,,6861,,,1808,Friday,Jun-21,2021,20210611,4255.319149,40.45143805,280.4262479
100,12-06-2021,235,194,41,24721,17.71,3566,200,11507,1298,,8429,,,1631,Saturday,Jun-21,2021,20210612,4255.319149,40.45143805,280.4262479
99,13-06-2021,235,194,41,24721,16.82,3566,200,11507,1298,,10378,,,1617,Sunday,Jun-21,2021,20210613,4255.319149,40.45143805,280.4262479
98,14-06-2021,235,194,41,24796,16.03,3612,200,11507,1298,,11921,,,1382,Monday,Jun-21,2021,20210614,4255.319149,40.32908534,276.854928
97,15-06-2021,235,194,41,24796,15.12,3612,200,11507,1298,,13610,,,1289,Tuesday,Jun-21,2021,20210615,4255.319149,40.32908534,276.854928
96,16-06-2021,235,194,41,24796,14.36,3612,200,11507,1298,,14984,,,1302,Wednesday,Jun-21,2021,20210616,4255.319149,40.32908534,276.854928
95,17-06-2021,235,194,41,24796,13.29,3612,200,11507,1298,,16324,,,1239,Thursday,Jun-21,2021,20210617,4255.319149,40.32908534,276.854928
94,18-06-2021,235,194,41,24796,12.56,3612,200,11507,1298,,17322,,,1102,Friday,Jun-21,2021,20210618,4255.319149,40.32908534,276.854928
93,19-06-2021,235,194,41,24796,11.92,3612,200,11507,1298,,17942,,,1059,Saturday,Jun-21,2021,20210619,4255.319149,40.32908534,276.854928
92,20-06-2021,235,194,41,24796,11.13,3612,200,11507,1298,,18236,,,1026,Sunday,Jun-21,2021,20210620,4255.319149,40.32908534,276.854928
91,21-06-2021,235,194,41,24796,10.5,3612,200,11507,1298,,18171,,,995,Monday,Jun-21,2021,20210621,4255.319149,40.32908534,276.854928
90,22-06-2021,235,194,41,24796,9.67,3612,200,11507,1298,,18266,,,941,Tuesday,Jun-21,2021,20210622,4255.319149,40.32908534,276.854928
89,23-06-2021,235,194,41,24796,9.04,3612,200,11507,1298,,18360,,,910,Wednesday,Jun-21,2021,20210623,4255.319149,40.32908534,276.854928
88,24-06-2021,235,194,41,24796,8.39,3612,200,11507,1298,,18505,,,880,Thursday,Jun-21,2021,20210624,4255.319149,40.32908534,276.854928
87,25-06-2021,209,196,13,24348,8.36,3066,200,11507,,,18523,,2856,852,Friday,Jun-21,2021,20210625,4784.688995,41.07113521,326.1578604
86,26-06-2021,209,196,13,24348,8.21,3066,200,11507,,,18466,,2792,841,Saturday,Jun-21,2021,20210626,4784.688995,41.07113521,326.1578604
85,27-06-2021,209,196,13,24348,7.75,3066,200,11507,,,18507,,2656,721,Sunday,Jun-21,2021,20210627,4784.688995,41.07113521,326.1578604
84,28-06-2021,203,196,7,23947,7.9,2861,200,11507,,,18291,,2603,686,Monday,Jun-21,2021,20210628,4926.108374,41.7588842,349.528137
83,29-06-2021,203,196,7,23947,7.62,2861,200,11507,,,17880,,2512,724,Tuesday,Jun-21,2021,20210629,4926.108374,41.7588842,349.528137
82,30-06-2021,203,196,7,23947,7.4,2861,200,11507,,,17390,,2440,755,Wednesday,Jun-21,2021,20210630,4926.108374,41.7588842,349.528137
81,01-07-2021,203,196,7,23947,7.24,2861,200,11507,,,17024,,2373,773,Thursday,Jul-21,2021,20210701,4926.108374,41.7588842,349.528137
80,02-07-2021,203,196,7,23947,7.23,2861,200,11507,,,16617,,2360,752,Friday,Jul-21,2021,20210702,4926.108374,41.7588842,349.528137
79,03-07-2021,203,196,7,23947,7.05,2861,200,11507,,,16276,,2297,707,Saturday,Jul-21,2021,20210703,4926.108374,41.7588842,349.528137
78,04-07-2021,203,196,7,23947,6.96,2861,200,11507,,,15824,,2262,694,Sunday,Jul-21,2021,20210704,4926.108374,41.7588842,349.528137
77,05-07-2021,203,196,7,23947,6.79,2861,200,11507,,,15055,,2222,673,Monday,Jul-21,2021,20210705,4926.108374,41.7588842,349.528137
76,06-07-2021,203,196,7,23947,6.54,2861,200,11507,,,14478,,2139,658,Tuesday,Jul-21,2021,20210706,4926.108374,41.7588842,349.528137
75,07-07-2021,203,196,7,23947,6.47,2861,200,11507,,,13846,,2114,695,Wednesday,Jul-21,2021,20210707,4926.108374,41.7588842,349.528137
74,08-07-2021,203,196,7,23947,6.38,2861,200,11507,,,13383,,2087,673,Thursday,Jul-21,2021,20210708,4926.108374,41.7588842,349.528137
73,09-07-2021,203,196,7,23947,6.11,2861,200,11507,,,13045,,2013,632,Friday,Jul-21,2021,20210709,4926.108374,41.7588842,349.528137
72,10-07-2021,203,196,7,23947,5.47,2861,200,11507,,,12791,,1871,642,Saturday,Jul-21,2021,20210710,4926.108374,41.7588842,349.528137
71,11-07-2021,203,196,7,23947,5.8,2861,200,11507,,,12320,,1947,634,Sunday,Jul-21,2021,20210711,4926.108374,41.7588842,349.528137
70,12-07-2021,203,196,7,23947,5.63,2861,200,11507,,,12014,,1911,606,Monday,Jul-21,2021,20210712,4926.108374,41.7588842,349.528137
69,13-07-2021,203,196,7,23947,5.42,2861,200,11507,,,11745,,1840,606,Tuesday,Jul-21,2021,20210713,4926.108374,41.7588842,349.528137
68,14-07-2021,203,196,7,23947,5.25,2861,200,11507,,,11494,,1745,608,Wednesday,Jul-21,2021,20210714,4926.108374,41.7588842,349.528137
67,15-07-2021,203,196,7,23947,5.04,2861,200,11507,,,11383,,1667,587,Thursday,Jul-21,2021,20210715,4926.108374,41.7588842,349.528137
66,16-07-2021,203,196,7,23947,4.93,2861,200,11507,,,11256,,1651,577,Friday,Jul-21,2021,20210716,4926.108374,41.7588842,349.528137
65,17-07-2021,203,196,7,23947,4.29,2861,200,11507,,,11280,,1497,556,Saturday,Jul-21,2021,20210717,4926.108374,41.7588842,349.528137
64,18-07-2021,203,196,7,23947,4.46,2861,200,11507,,,11036,,1537,538,Sunday,Jul-21,2021,20210718,4926.108374,41.7588842,349.528137
63,19-07-2021,203,196,7,23947,4.06,2861,200,11507,,,10868,,1427,464,Monday,Jul-21,2021,20210719,4926.108374,41.7588842,349.528137
62,20-07-2021,203,196,7,23947,4.41,2861,200,11507,,,10554,,1489,466,Tuesday,Jul-21,2021,20210720,4926.108374,41.7588842,349.528137
61,21-07-2021,203,196,7,23947,5.48,2861,200,11507,,,10186,,1753,452,Wednesday,Jul-21,2021,20210721,4926.108374,41.7588842,349.528137
60,22-07-2021,203,196,7,23947,4.28,2861,200,11507,,,10321,,1449,435,Thursday,Jul-21,2021,20210722,4926.108374,41.7588842,349.528137
59,23-07-2021,203,196,7,23947,4.18,2861,200,11507,,,10209,,1439,441,Friday,Jul-21,2021,20210723,4926.108374,41.7588842,349.528137
58,24-07-2021,203,196,7,23947,3.59,2861,200,11507,,,10179,,1290,422,Saturday,Jul-21,2021,20210724,4926.108374,41.7588842,349.528137
57,25-07-2021,203,196,7,23947,3.88,2861,200,11507,,,10012,,1357,427,Sunday,Jul-21,2021,20210725,4926.108374,41.7588842,349.528137
56,26-07-2021,203,196,7,23947,4.11,2861,200,11507,,,9697,,1438,431,Monday,Jul-21,2021,20210726,4926.108374,41.7588842,349.528137
55,27-07-2021,203,196,7,23947,4.07,2861,200,11507,,,9534,,1427,419,Tuesday,Jul-21,2021,20210727,4926.108374,41.7588842,349.528137
54,28-07-2021,203,196,7,23947,3.99,2861,200,11507,,,9544,,1393,433,Wednesday,Jul-21,2021,20210728,4926.108374,41.7588842,349.528137
53,29-07-2021,203,196,7,23947,3.98,2861,200,11507,,,9486,,1383,431,Thursday,Jul-21,2021,20210729,4926.108374,41.7588842,349.528137
52,30-07-2021,203,196,7,23947,3.97,2861,200,11507,,,9366,,1374,431,Friday,Jul-21,2021,20210730,4926.108374,41.7588842,349.528137
51,01-08-2021,203,196,7,23947,4,2861,200,11507,,,9240,,1339,395,Sunday,Aug-21,2021,20210801,4926.108374,41.7588842,349.528137
50,02-08-2021,203,196,7,23947,3.83,2861,200,11507,,,9146,,1278,379,Monday,Aug-21,2021,20210802,4926.108374,41.7588842,349.528137
49,03-08-2021,203,196,7,23947,3.76,2861,200,11507,,,9157,,1244,366,Tuesday,Aug-21,2021,20210803,4926.108374,41.7588842,349.528137
48,04-08-2021,203,196,7,23947,3.56,2861,200,11507,,,9192,,1178,375,Wednesday,Aug-21,2021,20210804,4926.108374,41.7588842,349.528137
47,05-08-2021,203,196,7,23947,3.81,2861,200,11507,,,9134,,1237,350,Thursday,Aug-21,2021,20210805,4926.108374,41.7588842,349.528137
46,06-08-2021,203,196,7,23947,3.85,2861,200,11507,,,9108,,1232,302,Friday,Aug-21,2021,20210806,4926.108374,41.7588842,349.528137
45,07-08-2021,203,196,7,23947,3.66,2861,200,11507,,,9090,,1181,314,Saturday,Aug-21,2021,20210807,4926.108374,41.7588842,349.528137
44,08-08-2021,203,196,7,23947,3.42,2861,200,11507,,,9051,,1116,318,Sunday,Aug-21,2021,20210808,4926.108374,41.7588842,349.528137
43,09-08-2021,203,196,7,23947,3.95,2861,200,11507,,,8766,,1237,309,Monday,Aug-21,2021,20210809,4926.108374,41.7588842,349.528137
42,10-08-2021,203,196,7,23947,3.8,2861,200,11507,,,8724,,1192,299,Tuesday,Aug-21,2021,20210810,4926.108374,41.7588842,349.528137
41,11-08-2021,203,196,7,23947,3.79,2861,200,11507,,,8669,,1200,294,Wednesday,Aug-21,2021,20210811,4926.108374,41.7588842,349.528137
40,12-08-2021,203,196,7,23947,3.78,2861,200,11507,,,8653,,1180,294,Thursday,Aug-21,2021,20210812,4926.108374,41.7588842,349.528137
39,13-08-2021,203,196,7,23947,3.67,2861,200,11507,,,8655,,1154,300,Friday,Aug-21,2021,20210813,4926.108374,41.7588842,349.528137
38,14-08-2021,203,196,7,23947,3.62,2861,200,11507,,,8637,,1143,298,Saturday,Aug-21,2021,20210814,4926.108374,41.7588842,349.528137
37,15-08-2021,203,196,7,23947,,2861,200,11507,,,8666,,1072,292,Sunday,Aug-21,2021,20210815,4926.108374,41.7588842,349.528137
36,16-08-2021,203,196,7,23947,3.58,2861,200,11507,,,8434,,1121,277,Monday,Aug-21,2021,20210816,4926.108374,41.7588842,349.528137
35,17-08-2021,203,196,7,23947,3.38,2861,200,11507,,,8389,,1070,277,Tuesday,Aug-21,2021,20210817,4926.108374,41.7588842,349.528137
34,18-08-2021,203,196,7,23947,3.58,2861,200,11507,,,8316,,1116,283,Wednesday,Aug-21,2021,20210818,4926.108374,41.7588842,349.528137
33,19-08-2021,203,196,7,23947,,2861,200,11507,,,8371,,1031,251,Thursday,Aug-21,2021,20210819,4926.108374,41.7588842,349.528137
32,20-08-2021,203,196,7,23947,3.07,2861,200,11507,,,8424,,966,245,Friday,Aug-21,2021,20210820,4926.108374,41.7588842,349.528137
31,21-08-2021,203,196,7,23947,3.03,2861,200,11507,,,8388,,967,239,Saturday,Aug-21,2021,20210821,4926.108374,41.7588842,349.528137
30,22-08-2021,203,196,7,23947,,2861,200,11507,,,8216,,1011,234,Sunday,Aug-21,2021,20210822,4926.108374,41.7588842,349.528137
29,23-08-2021,203,196,7,23947,3.18,2861,200,11507,,,8083,,1010,243,Monday,Aug-21,2021,20210823,4926.108374,41.7588842,349.528137
28,24-08-2021,203,196,7,23947,2.99,2861,200,11507,,,8005,,961,251,Tuesday,Aug-21,2021,20210824,4926.108374,41.7588842,349.528137
27,25-08-2021,203,196,7,23947,3.05,2861,200,11507,,,7971,,973,241,Wednesday,Aug-21,2021,20210825,4926.108374,41.7588842,349.528137
26,27-08-2021,203,196,7,23947,3.28,2861,200,11507,,,7878,,1030,235,Friday,Aug-21,2021,20210827,4926.108374,41.7588842,349.528137
25,28-08-2021,203,196,7,23947,3.02,2861,200,11507,,,7894,,975,240,Saturday,Aug-21,2021,20210828,4926.108374,41.7588842,349.528137
24,29-08-2021,203,196,7,23947,3.05,2861,200,11507,,,7841,,986,243,Sunday,Aug-21,2021,20210829,4926.108374,41.7588842,349.528137
23,30-08-2021,203,196,7,23947,3.07,2861,200,11507,,,7701,,985,236,Monday,Aug-21,2021,20210830,4926.108374,41.7588842,349.528137
22,31-08-2021,203,196,7,23947,3.09,2861,200,11507,,,7575,,1005,235,Tuesday,Aug-21,2021,20210831,4926.108374,41.7588842,349.528137
21,01-09-2021,203,196,7,23947,3.22,2861,200,11507,,,7516,,1049,236,Wednesday,Sep-21,2021,20210901,4926.108374,41.7588842,349.528137
20,02-09-2021,203,196,7,23947,3.1,2861,200,11507,,,7473,,1023,238,Thursday,Sep-21,2021,20210902,4926.108374,41.7588842,349.528137
19,03-09-2021,203,196,7,23947,3.24,2861,200,11507,,,7392,,1066,236,Friday,Sep-21,2021,20210903,4926.108374,41.7588842,349.528137
18,04-09-2021,203,196,7,23947,3.19,2861,200,11507,,,7398,,1047,234,Saturday,Sep-21,2021,20210904,4926.108374,41.7588842,349.528137
17,05-09-2021,203,196,7,23947,,2861,200,11507,,,7370,,1029,253,Sunday,Sep-21,2021,20210905,4926.108374,41.7588842,349.528137
16,06-09-2021,203,196,7,23947,3.43,2861,200,11507,,,7152,,1097,231,Monday,Sep-21,2021,20210906,4926.108374,41.7588842,349.528137
15,07-09-2021,203,196,7,23947,3.21,2861,200,11507,,,7110,,1042,235,Tuesday,Sep-21,2021,20210907,4926.108374,41.7588842,349.528137
14,08-09-2021,203,196,7,23947,3.36,2861,200,11507,,,6965,,1091,232,Wednesday,Sep-21,2021,20210908,4926.108374,41.7588842,349.528137
13,09-09-2021,203,196,7,23947,3.25,2861,200,11507,,,6941,,1069,236,Thursday,Sep-21,2021,20210909,4926.108374,41.7588842,349.528137
12,10-09-2021,203,196,7,23947,3.24,2861,200,11507,,,6904,,1069,246,Friday,Sep-21,2021,20210910,4926.108374,41.7588842,349.528137
11,11-09-2021,203,196,7,23947,3.08,2861,200,11507,,,6936,,1020,247,Saturday,Sep-21,2021,20210911,4926.108374,41.7588842,349.528137
10,12-09-2021,203,196,7,23947,,2861,200,11507,,,6860,,1079,248,Sunday,Sep-21,2021,20210912,4926.108374,41.7588842,349.528137
9,13-09-2021,203,196,7,23947,3.36,2861,200,11507,,,6755,,1091,250,Monday,Sep-21,2021,20210913,4926.108374,41.7588842,349.528137
8,14-09-2021,203,196,7,23947,3.43,2861,200,11507,,,6707,,1118,249,Tuesday,Sep-21,2021,20210914,4926.108374,41.7588842,349.528137
7,15-09-2021,203,196,7,23947,3.32,2861,200,11507,,,6679,,1121,250,Wednesday,Sep-21,2021,20210915,4926.108374,41.7588842,349.528137
6,16-09-2021,203,196,7,23947,3.31,2861,200,11507,,,6649,,1119,257,Thursday,Sep-21,2021,20210916,4926.108374,41.7588842,349.528137
5,17-09-2021,203,196,7,23947,,2861,200,11507,,,6668,,1082,258,Friday,Sep-21,2021,20210917,4926.108374,41.7588842,349.528137
4,18-09-2021,203,196,7,23947,3.12,2861,200,11507,,,6667,,1056,244,Saturday,Sep-21,2021,20210918,4926.108374,41.7588842,349.528137
3,19-09-2021,203,196,7,23947,,2861,200,11507,,,6571,,1091,244,Sunday,Sep-21,2021,20210919,4926.108374,41.7588842,349.528137
2,20-09-2021,203,196,7,23947,,2861,200,11507,,,6402,,1170,238,Monday,Sep-21,2021,20210920,4926.108374,41.7588842,349.528137
1,21-09-2021,203,196,7,23947,3.47,2861,200,11507,,,6384,,1131,226,Tuesday,Sep-21,2021,20210921,4926.108374,41.7588842,349.528137
0,22-09-2021,203,196,7,23947,,2861,200,11507,,,6364,,1133,227,Wednesday,Sep-21,2021,20210922,4926.108374,41.7588842,349.528137
463,23-09-2021,203,196,7,23947,3.59,2861,200,11507,,,6315,,1160,229,Thursday,Sep-21,2021,20210923,4926.108374,41.7588842,349.528137
464,24-09-2021,203,196,7,23947,3.48,2861,200,11507,,,6314,,1149,226,Friday,Sep-21,2021,20210924,4926.108374,41.7588842,349.528137
465,25-09-2021,203,196,7,23947,,2861,200,11507,,,6275,,1177,222,Saturday,Sep-21,2021,20210925,4926.108374,41.7588842,349.528137
466,26-09-2021,203,196,7,23947,,2861,200,11507,,,6273,,1187,223,Sunday,Sep-21,2021,20210926,4926.108374,41.7588842,349.528137
467,27-09-2021,203,196,7,23947,,2861,200,11507,,,6112,,1249,223,Monday,Sep-21,2021,20210927,4926.108374,41.7588842,349.528137
468,28-09-2021,203,196,7,23947,,2861,200,11507,,,6175,,1189,222,Tuesday,Sep-21,2021,20210928,4926.108374,41.7588842,349.528137
469,29-09-2021,203,196,7,23947,,2861,200,11507,,,6180,,1180,220,Wednesday,Sep-21,2021,20210929,4926.108374,41.7588842,349.528137
471,30-09-2021,203,196,7,23947,3.42,2861,200,11507,,,6181,,1171,218,Thursday,Sep-21,2021,20210930,4926.108374,41.7588842,349.528137
470,01-10-2021,203,196,7,23947,3.17,2861,200,11507,,,6240,,1106,225,Friday,Oct-21,2021,20211001,4926.108374,41.7588842,349.528137
472,02-10-2021,203,196,7,23947,,2861,200,11507,,,,,1137,231,Saturday,Oct-21,2021,20211002,4926.108374,41.7588842,349.528137
473,03-10-2021,203,196,7,23947,3.06,2861,200,11507,,,6284,,1072,231,Sunday,Oct-21,2021,20211003,4926.108374,41.7588842,349.528137
474,04-10-2021,203,196,7,23947,3.31,2861,200,11507,,,6238,,1151,215,Monday,Oct-21,2021,20211004,4926.108374,41.7588842,349.528137
475,05-10-2021,203,196,7,23947,3.29,2861,200,11507,,,6223,,1134,218,Tuesday,Oct-21,2021,20211005,4926.108374,41.7588842,349.528137
476,06-10-2021,203,196,7,23947,3.22,2861,200,11507,,,6247,,1127,217,Wednesday,Oct-21,2021,20211006,4926.108374,41.7588842,349.528137
477,07-10-2021,203,196,7,23947,3.32,2861,200,11507,,,6218,,1161,214,Thursday,Oct-21,2021,20211007,4926.108374,41.7588842,349.528137
478,08-10-2021,203,196,7,23947,3.27,2861,200,11507,,,6281,,1139,205,Friday,Oct-21,2021,20211008,4926.108374,41.7588842,349.528137
479,10-10-2021,203,196,7,23947,,2861,200,11507,,,,,1116,204,Sunday,Oct-21,2021,20211010,4926.108374,41.7588842,349.528137
480,11-10-2021,203,196,7,23947,2.99,2861,200,11507,,,6379,,1060,210,Monday,Oct-21,2021,20211011,4926.108374,41.7588842,349.528137
481,12-10-2021,203,196,7,23947,2.79,2861,200,11507,,,6474,,993,205,Tuesday,Oct-21,2021,20211012,4926.108374,41.7588842,349.528137
482,13-10-2021,203,196,7,23947,,2861,200,11507,,,,,959,205,Wednesday,Oct-21,2021,20211013,4926.108374,41.7588842,349.528137
483,14-10-2021,203,196,7,23947,,2861,200,11507,,,,,975,204,Thursday,Oct-21,2021,20211014,4926.108374,41.7588842,349.528137
484,15-10-2021,203,196,7,23947,,2861,200,11507,,,,,933,199,Friday,Oct-21,2021,20211015,4926.108374,41.7588842,349.528137
485,16-10-2021,203,196,7,23947,,2861,200,11507,,,,,1045,199,Saturday,Oct-21,2021,20211016,4926.108374,41.7588842,349.528137
486,17-10-2021,203,196,7,23947,,2861,200,11507,,,,,1031,205,Sunday,Oct-21,2021,20211017,4926.108374,41.7588842,349.528137
487,18-10-2021,203,196,7,23947,2.93,2861,200,11507,,,6142,,1070,204,Monday,Oct-21,2021,20211018,4926.108374,41.7588842,349.528137
488,19-10-2021,203,196,7,23947,2.82,2861,200,11507,,,6184,,1036,208,Tuesday,Oct-21,2021,20211019,4926.108374,41.7588842,349.528137
489,20-10-2021,203,196,7,23947,2.56,2861,200,11507,,,6302,,980,209,Wednesday,Oct-21,2021,20211020,4926.108374,41.7588842,349.528137
490,21-10-2021,203,196,7,23947,2.95,2861,200,11507,,,6247,,1081,207,Thursday,Oct-21,2021,20211021,4926.108374,41.7588842,349.528137
491,22-10-2021,203,196,7,23947,2.68,2861,200,11507,,,6350,,1019,208,Friday,Oct-21,2021,20211022,4926.108374,41.7588842,349.528137
492,23-10-2021,203,196,7,23947,2.79,2861,200,11507,,,6464,,1057,210,Saturday,Oct-21,2021,20211023,4926.108374,41.7588842,349.528137
493,24-10-2021,203,196,7,23947,3.04,2861,200,11507,,,6552,,1118,212,Sunday,Oct-21,2021,20211024,4926.108374,41.7588842,349.528137
494,25-10-2021,203,196,7,23947,2.95,2861,200,11507,,,6547,,1110,212,Monday,Oct-21,2021,20211025,4926.108374,41.7588842,349.528137
496,26-10-2021,203,196,7,23947,3,2861,200,11507,,,6529,,1102,218,Tuesday,Oct-21,2021,20211026,4926.108374,41.7588842,349.528137
495,27-10-2021,203,196,7,23947,3.05,2861,200,11507,,,6593,,1165,215,Wednesday,Oct-21,2021,20211027,4926.108374,41.7588842,349.528137
497,28-10-2021,203,196,7,23947,3.05,2861,200,11507,,,6698,,1192,219,Thursday,Oct-21,2021,20211028,4926.108374,41.7588842,349.528137
498,29-10-2021,203,196,7,23947,2.9,2861,200,11507,,,6875,,1129,219,Friday,Oct-21,2021,20211029,4926.108374,41.7588842,349.528137
499,30-10-2021,203,196,7,23947,3.05,2861,200,11507,,,6914,,1175,221,Saturday,Oct-21,2021,20211030,4926.108374,41.7588842,349.528137
500,31-10-2021,203,196,7,23947,2.91,2861,200,11507,,,6956,,1121,219,Sunday,Oct-21,2021,20211031,4926.108374,41.7588842,349.528137
501,01-11-2021,203,196,7,23947,2.95,2861,200,11507,,,6751,,1191,204,Monday,Nov-21,2021,20211101,4926.108374,41.7588842,349.528137
502,02-11-2021,203,196,7,23947,2.95,2861,200,11507,,,6751,,1170,205,Tuesday,Nov-21,2021,20211102,4926.108374,41.7588842,349.528137
503,03-11-2021,203,196,7,23947,3.12,2861,200,11507,,,6750,,1197,205,Wednesday,Nov-21,2021,20211103,4926.108374,41.7588842,349.528137
504,04-11-2021,203,196,7,23947,2.9,2861,200,11507,,,6860,,1125,208,Thursday,Nov-21,2021,20211104,4926.108374,41.7588842,349.528137
505,05-11-2021,203,196,7,23947,2.61,2861,200,11507,,,6884,,1046,207,Friday,Nov-21,2021,20211105,4926.108374,41.7588842,349.528137
506,06-11-2021,203,196,7,23947,2.84,2861,200,11507,,,6747,,1080,202,Saturday,Nov-21,2021,20211106,4926.108374,41.7588842,349.528137
507,07-11-2021,203,196,7,23947,2.63,2861,200,11507,,,6736,,1028,203,Sunday,Nov-21,2021,20211107,4926.108374,41.7588842,349.528137
508,08-11-2021,203,196,7,23947,2.79,4139,200,11507,,,6628,,1060,211,Monday,Nov-21,2021,20211108,4926.108374,41.7588842,241.6042522
509,09-11-2021,203,196,7,23947,2.7,4139,200,11507,,,6676,,1032,208,Tuesday,Nov-21,2021,20211109,4926.108374,41.7588842,241.6042522
511,10-11-2021,203,196,7,23947,2.7,4139,200,11507,,,6700,,1037,208,Wednesday,Nov-21,2021,20211110,4926.108374,41.7588842,241.6042522
510,11-11-2021,203,196,7,23947,2.69,4139,200,11507,,,6723,,1042,208,Thursday,Nov-21,2021,20211111,4926.108374,41.7588842,241.6042522
512,12-11-2021,203,196,7,23947,2.9,4139,200,11507,,,6698,,1101,201,Friday,Nov-21,2021,20211112,4926.108374,41.7588842,241.6042522
513,13-11-2021,203,196,7,23947,2.69,4139,200,11507,,,6764,,1071,196,Saturday,Nov-21,2021,20211113,4926.108374,41.7588842,241.6042522
514,14-11-2021,203,196,7,23947,2.74,4139,200,11507,,,6789,,1077,196,Sunday,Nov-21,2021,20211114,4926.108374,41.7588842,241.6042522
515,15-11-2021,203,196,7,23947,2.69,4139,200,11507,,,6778,,1075,194,Monday,Nov-21,2021,20211115,4926.108374,41.7588842,241.6042522
516,16-11-2021,203,196,7,23947,2.79,4139,200,11507,,,6753,,1080,194,Tuesday,Nov-21,2021,20211116,4926.108374,41.7588842,241.6042522
519,17-11-2021,203,196,7,23947,2.8,4139,200,11507,,,6759,,1098,194,Wednesday,Nov-21,2021,20211117,4926.108374,41.7588842,241.6042522
518,18-11-2021,203,196,7,23947,4.5,4139,200,11507,,,6481,,1398,193,Thursday,Nov-21,2021,20211118,4926.108374,41.7588842,241.6042522
517,19-11-2021,203,196,7,23947,2.85,4139,200,11507,,,6913,,1001,193,Friday,Nov-21,2021,20211119,4926.108374,41.7588842,241.6042522
520,20-11-2021,203,196,7,23947,2.73,4139,200,11507,,,6870,,979,196,Saturday,Nov-21,2021,20211120,4926.108374,41.7588842,241.6042522
521,21-11-2021,203,196,7,23947,2.71,4139,200,11507,,,6846,,978,196,Sunday,Nov-21,2021,20211121,4926.108374,41.7588842,241.6042522
522,22-11-2021,203,196,7,23947,2.66,4139,200,11507,,,6718,,1031,196,Monday,Nov-21,2021,20211122,4926.108374,41.7588842,241.6042522
523,23-11-2021,203,196,7,23947,2.49,4139,200,11507,,,6745,,973,196,Tuesday,Nov-21,2021,20211123,4926.108374,41.7588842,241.6042522
524,24-11-2021,203,196,7,23947,2.5,4139,200,11507,,,6724,,976,194,Wednesday,Nov-21,2021,20211124,4926.108374,41.7588842,241.6042522
525,25-11-2021,203,196,7,23947,2.51,4139,200,11507,,,6708,,965,194,Thursday,Nov-21,2021,20211125,4926.108374,41.7588842,241.6042522
526,26-11-2021,203,196,7,23947,2.6,4139,200,11507,,,6670,,983,194,Friday,Nov-21,2021,20211126,4926.108374,41.7588842,241.6042522
527,27-11-2021,203,196,7,23947,2.35,4139,200,11507,,,6719,,907,194,Saturday,Nov-21,2021,20211127,4926.108374,41.7588842,241.6042522
528,28-11-2021,203,196,7,23947,2.31,4139,200,11507,,,6704,,905,195,Sunday,Nov-21,2021,20211128,4926.108374,41.7588842,241.6042522
529,29-11-2021,203,196,7,23947,2.2,4139,200,11507,,,6651,,887,195,Monday,Nov-21,2021,20211129,4926.108374,41.7588842,241.6042522
530,30-11-2021,203,196,7,23947,2.24,4139,200,11507,,,6664,,873,194,Tuesday,Nov-21,2021,20211130,4926.108374,41.7588842,241.6042522
531,01-12-2021,203,196,7,23947,2.08,4139,200,11507,,,6681,,836,195,Wednesday,Dec-21,2021,20211201,4926.108374,41.7588842,241.6042522
532,02-12-2021,203,196,7,23947,2.28,4139,200,11507,,,6619,,874,197,Thursday,Dec-21,2021,20211202,4926.108374,41.7588842,241.6042522
533,03-12-2021,203,196,7,23947,2.23,4139,200,11507,,,6602,,874,194,Friday,Dec-21,2021,20211203,4926.108374,41.7588842,241.6042522
534,04-12-2021,203,196,7,23947,2.2,4139,200,11507,,,6591,,871,194,Saturday,Dec-21,2021,20211204,4926.108374,41.7588842,241.6042522
535,05-12-2021,203,196,7,23947,2.19,4139,200,11507,,,6588,,860,191,Sunday,Dec-21,2021,20211205,4926.108374,41.7588842,241.6042522
536,06-12-2021,203,196,7,23947,1.98,4139,200,11507,,,6583,,817,190,Monday,Dec-21,2021,20211206,4926.108374,41.7588842,241.6042522
537,07-12-2021,203,196,7,23947,1.97,4139,200,11507,,,6584,,795,197,Tuesday,Dec-21,2021,20211207,4926.108374,41.7588842,241.6042522
538,08-12-2021,203,196,7,23947,1.89,4139,200,11507,,,6617,,769,190,Wednesday,Dec-21,2021,20211208,4926.108374,41.7588842,241.6042522
539,09-12-2021,203,196,7,23947,1.89,4139,200,11507,,,6608,,767,190,Thursday,Dec-21,2021,20211209,4926.108374,41.7588842,241.6042522
540,10-12-2021,203,196,7,23947,1.83,4139,200,11507,,,6668,,754,152,Friday,Dec-21,2021,20211210,4926.108374,41.7588842,241.6042522
541,11-12-2021,203,196,7,23947,1.8,4139,200,11507,,,6666,,744,152,Saturday,Dec-21,2021,20211211,4926.108374,41.7588842,241.6042522
543,12-12-2021,203,196,7,23947,1.62,4139,200,11507,,,6687,,709,152,Sunday,Dec-21,2021,20211212,4926.108374,41.7588842,241.6042522
542,13-12-2021,203,196,7,23947,1.79,4139,200,11507,,,6608,,757,152,Monday,Dec-21,2021,20211213,4926.108374,41.7588842,241.6042522
544,14-12-2021,203,196,7,23947,1.66,4139,200,11507,,,6636,,717,152,Tuesday,Dec-21,2021,20211214,4926.108374,41.7588842,241.6042522
545,15-12-2021,203,196,7,23947,1.67,4139,200,11507,,,6629,,709,152,Wednesday,Dec-21,2021,20211215,4926.108374,41.7588842,241.6042522
546,16-12-2021,203,196,7,23947,1.65,4139,200,11507,,,6648,,706,152,Thursday,Dec-21,2021,20211216,4926.108374,41.7588842,241.6042522
547,17-12-2021,203,196,7,23947,1.62,4139,200,11507,,,6666,,695,152,Friday,Dec-21,2021,20211217,4926.108374,41.7588842,241.6042522
550,18-12-2021,203,196,7,23947,1.73,4139,200,11507,,,6623,,728,150,Saturday,Dec-21,2021,20211218,4926.108374,41.7588842,241.6042522
549,19-12-2021,203,196,7,23947,1.56,4139,200,11507,,,6651,,684,154,Sunday,Dec-21,2021,20211219,4926.108374,41.7588842,241.6042522
548,20-12-2021,203,196,7,23947,1.57,4139,200,11507,,,6624,,698,152,Monday,Dec-21,2021,20211220,4926.108374,41.7588842,241.6042522
551,21-12-2021,203,196,7,23947,1.55,4139,200,11507,,,6609,,689,153,Tuesday,Dec-21,2021,20211221,4926.108374,41.7588842,241.6042522
552,22-12-2021,203,196,7,23947,1.46,4139,200,11507,,,6619,,671,152,Wednesday,Dec-21,2021,20211222,4926.108374,41.7588842,241.6042522
553,23-12-2021,203,196,7,23947,1.37,4139,200,11507,,,6632,,650,151,Thursday,Dec-21,2021,20211223,4926.108374,41.7588842,241.6042522
554,24-12-2021,203,196,7,23947,1.37,4139,200,11507,,,6647,,647,152,Friday,Dec-21,2021,20211224,4926.108374,41.7588842,241.6042522
555,25-12-2021,203,196,7,23947,1.34,4139,200,11507,,,6672,,636,150,Saturday,Dec-21,2021,20211225,4926.108374,41.7588842,241.6042522
556,26-12-2021,203,196,7,23947,1.29,4139,200,11507,,,6666,,630,154,Sunday,Dec-21,2021,20211226,4926.108374,41.7588842,241.6042522
557,27-12-2021,203,196,7,23947,1.44,4139,200,11507,,,6614,,667,152,Monday,Dec-21,2021,20211227,4926.108374,41.7588842,241.6042522
558,28-12-2021,203,196,7,23947,1.24,4139,200,11507,,,6665,,639,153,Tuesday,Dec-21,2021,20211228,4926.108374,41.7588842,241.6042522
559,29-12-2021,203,196,7,23947,1.45,4139,200,11507,,,6823,,753,151,Wednesday,Dec-21,2021,20211229,4926.108374,41.7588842,241.6042522
560,30-12-2021,203,196,7,23947,1.57,4139,200,11507,,,7820,,804,152,Thursday,Dec-21,2021,20211230,4926.108374,41.7588842,241.6042522
561,31-12-2021,203,196,7,23947,1.54,4139,200,11507,,,9703,,853,154,Friday,Dec-21,2021,20211231,4926.108374,41.7588842,241.6042522
562,01-01-2022,203,196,7,23947,1.7,4139,200,11507,,,12148,,1002,150,Saturday,Jan-22,2022,20220101,4926.108374,41.7588842,241.6042522
563,02-01-2022,203,196,7,23947,2.14,4139,200,11507,,,15770,,1116,152,Sunday,Jan-22,2022,20220102,4926.108374,41.7588842,241.6042522
564,03-01-2022,203,196,7,23947,2.63,4139,200,11507,,,18612,,1420,154,Monday,Jan-22,2022,20220103,4926.108374,41.7588842,241.6042522
565,04-01-2022,203,196,7,23947,3.25,4139,200,11507,,,23655,,1668,152,Tuesday,Jan-22,2022,20220104,4926.108374,41.7588842,241.6042522
566,05-01-2022,203,196,7,23947,3.83,4139,200,11507,,,30881,,2009,152,Wednesday,Jan-22,2022,20220105,4926.108374,41.7588842,241.6042522
